--
-- PostgreSQL database dump
--

-- Dumped from database version 16.6 (Ubuntu 16.6-1.pgdg20.04+1)
-- Dumped by pg_dump version 16.6 (Ubuntu 16.6-1.pgdg20.04+1)

SET statement_timeout = 0;
SET lock_timeout = 0;
SET idle_in_transaction_session_timeout = 0;
SET client_encoding = 'UTF8';
SET standard_conforming_strings = on;
SELECT pg_catalog.set_config('search_path', '', false);
SET check_function_bodies = false;
SET xmloption = content;
SET client_min_messages = warning;
SET row_security = off;

SET default_tablespace = '';

SET default_table_access_method = heap;

--
-- Name: active_storage_attachments; Type: TABLE; Schema: public; Owner: student
--

CREATE TABLE public.active_storage_attachments (
    id bigint NOT NULL,
    name character varying NOT NULL,
    record_type character varying NOT NULL,
    record_id bigint NOT NULL,
    blob_id bigint NOT NULL,
    created_at timestamp(6) without time zone NOT NULL
);


ALTER TABLE public.active_storage_attachments OWNER TO student;

--
-- Name: active_storage_attachments_id_seq; Type: SEQUENCE; Schema: public; Owner: student
--

CREATE SEQUENCE public.active_storage_attachments_id_seq
    START WITH 1
    INCREMENT BY 1
    NO MINVALUE
    NO MAXVALUE
    CACHE 1;


ALTER SEQUENCE public.active_storage_attachments_id_seq OWNER TO student;

--
-- Name: active_storage_attachments_id_seq; Type: SEQUENCE OWNED BY; Schema: public; Owner: student
--

ALTER SEQUENCE public.active_storage_attachments_id_seq OWNED BY public.active_storage_attachments.id;


--
-- Name: active_storage_blobs; Type: TABLE; Schema: public; Owner: student
--

CREATE TABLE public.active_storage_blobs (
    id bigint NOT NULL,
    key character varying NOT NULL,
    filename character varying NOT NULL,
    content_type character varying,
    metadata text,
    service_name character varying NOT NULL,
    byte_size bigint NOT NULL,
    checksum character varying,
    created_at timestamp(6) without time zone NOT NULL
);


ALTER TABLE public.active_storage_blobs OWNER TO student;

--
-- Name: active_storage_blobs_id_seq; Type: SEQUENCE; Schema: public; Owner: student
--

CREATE SEQUENCE public.active_storage_blobs_id_seq
    START WITH 1
    INCREMENT BY 1
    NO MINVALUE
    NO MAXVALUE
    CACHE 1;


ALTER SEQUENCE public.active_storage_blobs_id_seq OWNER TO student;

--
-- Name: active_storage_blobs_id_seq; Type: SEQUENCE OWNED BY; Schema: public; Owner: student
--

ALTER SEQUENCE public.active_storage_blobs_id_seq OWNED BY public.active_storage_blobs.id;


--
-- Name: active_storage_variant_records; Type: TABLE; Schema: public; Owner: student
--

CREATE TABLE public.active_storage_variant_records (
    id bigint NOT NULL,
    blob_id bigint NOT NULL,
    variation_digest character varying NOT NULL
);


ALTER TABLE public.active_storage_variant_records OWNER TO student;

--
-- Name: active_storage_variant_records_id_seq; Type: SEQUENCE; Schema: public; Owner: student
--

CREATE SEQUENCE public.active_storage_variant_records_id_seq
    START WITH 1
    INCREMENT BY 1
    NO MINVALUE
    NO MAXVALUE
    CACHE 1;


ALTER SEQUENCE public.active_storage_variant_records_id_seq OWNER TO student;

--
-- Name: active_storage_variant_records_id_seq; Type: SEQUENCE OWNED BY; Schema: public; Owner: student
--

ALTER SEQUENCE public.active_storage_variant_records_id_seq OWNED BY public.active_storage_variant_records.id;


--
-- Name: ar_internal_metadata; Type: TABLE; Schema: public; Owner: student
--

CREATE TABLE public.ar_internal_metadata (
    key character varying NOT NULL,
    value character varying,
    created_at timestamp(6) without time zone NOT NULL,
    updated_at timestamp(6) without time zone NOT NULL
);


ALTER TABLE public.ar_internal_metadata OWNER TO student;

--
-- Name: career_aggregate_jobs; Type: TABLE; Schema: public; Owner: student
--

CREATE TABLE public.career_aggregate_jobs (
    id bigint NOT NULL,
    job_title character varying,
    company character varying,
    industry character varying,
    "group" character varying,
    average_salary numeric(10,2),
    average_bonus numeric(10,2),
    average_hours_worked_per_week integer,
    sample_size integer,
    year integer,
    level character varying,
    sub_level character varying,
    created_at timestamp(6) without time zone NOT NULL,
    updated_at timestamp(6) without time zone NOT NULL,
    location character varying,
    previous_undergrad character varying,
    previous_grad character varying,
    previous_mba character varying
);


ALTER TABLE public.career_aggregate_jobs OWNER TO student;

--
-- Name: career_aggregate_jobs_id_seq; Type: SEQUENCE; Schema: public; Owner: student
--

CREATE SEQUENCE public.career_aggregate_jobs_id_seq
    START WITH 1
    INCREMENT BY 1
    NO MINVALUE
    NO MAXVALUE
    CACHE 1;


ALTER SEQUENCE public.career_aggregate_jobs_id_seq OWNER TO student;

--
-- Name: career_aggregate_jobs_id_seq; Type: SEQUENCE OWNED BY; Schema: public; Owner: student
--

ALTER SEQUENCE public.career_aggregate_jobs_id_seq OWNED BY public.career_aggregate_jobs.id;


--
-- Name: career_compensations; Type: TABLE; Schema: public; Owner: student
--

CREATE TABLE public.career_compensations (
    id bigint NOT NULL,
    career_job_id bigint NOT NULL,
    year integer,
    level character varying,
    sub_level character varying,
    salary numeric(10,2),
    bonus numeric(10,2),
    hours_worked_per_week integer,
    created_at timestamp(6) without time zone NOT NULL,
    updated_at timestamp(6) without time zone NOT NULL,
    "group" character varying
);


ALTER TABLE public.career_compensations OWNER TO student;

--
-- Name: career_compensations_id_seq; Type: SEQUENCE; Schema: public; Owner: student
--

CREATE SEQUENCE public.career_compensations_id_seq
    START WITH 1
    INCREMENT BY 1
    NO MINVALUE
    NO MAXVALUE
    CACHE 1;


ALTER SEQUENCE public.career_compensations_id_seq OWNER TO student;

--
-- Name: career_compensations_id_seq; Type: SEQUENCE OWNED BY; Schema: public; Owner: student
--

ALTER SEQUENCE public.career_compensations_id_seq OWNED BY public.career_compensations.id;


--
-- Name: career_jobs; Type: TABLE; Schema: public; Owner: student
--

CREATE TABLE public.career_jobs (
    id bigint NOT NULL,
    user_id bigint NOT NULL,
    company character varying,
    industry character varying,
    start_year integer,
    years_at_job integer,
    created_at timestamp(6) without time zone NOT NULL,
    updated_at timestamp(6) without time zone NOT NULL,
    location character varying,
    job_grouping integer,
    job_order integer,
    previous_undergrad character varying,
    previous_grad character varying,
    previous_mba character varying
);


ALTER TABLE public.career_jobs OWNER TO student;

--
-- Name: career_jobs_id_seq; Type: SEQUENCE; Schema: public; Owner: student
--

CREATE SEQUENCE public.career_jobs_id_seq
    START WITH 1
    INCREMENT BY 1
    NO MINVALUE
    NO MAXVALUE
    CACHE 1;


ALTER SEQUENCE public.career_jobs_id_seq OWNER TO student;

--
-- Name: career_jobs_id_seq; Type: SEQUENCE OWNED BY; Schema: public; Owner: student
--

ALTER SEQUENCE public.career_jobs_id_seq OWNED BY public.career_jobs.id;


--
-- Name: combined_jobs; Type: VIEW; Schema: public; Owner: student
--

CREATE VIEW public.combined_jobs AS
 SELECT cj.id AS job_id,
    cj.industry,
    cj.company,
    cj.location,
    NULL::character varying AS job_title,
    NULL::character varying AS "group",
    cc.level,
    cc.sub_level,
    cc.salary AS average_salary,
    cc.bonus AS average_bonus,
    cc.hours_worked_per_week AS average_hours_worked_per_week,
    1 AS sample_size,
    cj.years_at_job AS year,
    cj.previous_undergrad,
    cj.previous_grad,
    cj.previous_mba,
    'regular'::text AS source_type
   FROM (public.career_jobs cj
     LEFT JOIN public.career_compensations cc ON ((cj.id = cc.career_job_id)))
UNION ALL
 SELECT caj.id AS job_id,
    caj.industry,
    caj.company,
    caj.location,
    caj.job_title,
    caj."group",
    caj.level,
    caj.sub_level,
    caj.average_salary,
    caj.average_bonus,
    caj.average_hours_worked_per_week,
    caj.sample_size,
    caj.year,
    caj.previous_undergrad,
    caj.previous_grad,
    caj.previous_mba,
    'aggregate'::text AS source_type
   FROM public.career_aggregate_jobs caj;


ALTER VIEW public.combined_jobs OWNER TO student;

--
-- Name: comments; Type: TABLE; Schema: public; Owner: student
--

CREATE TABLE public.comments (
    id bigint NOT NULL,
    tier_list_id bigint NOT NULL,
    commentable_type character varying,
    commentable_id bigint,
    user_id bigint,
    content text NOT NULL,
    created_at timestamp(6) without time zone NOT NULL,
    updated_at timestamp(6) without time zone NOT NULL
);


ALTER TABLE public.comments OWNER TO student;

--
-- Name: comments_id_seq; Type: SEQUENCE; Schema: public; Owner: student
--

CREATE SEQUENCE public.comments_id_seq
    START WITH 1
    INCREMENT BY 1
    NO MINVALUE
    NO MAXVALUE
    CACHE 1;


ALTER SEQUENCE public.comments_id_seq OWNER TO student;

--
-- Name: comments_id_seq; Type: SEQUENCE OWNED BY; Schema: public; Owner: student
--

ALTER SEQUENCE public.comments_id_seq OWNED BY public.comments.id;


--
-- Name: companies; Type: TABLE; Schema: public; Owner: student
--

CREATE TABLE public.companies (
    id bigint NOT NULL,
    name character varying,
    created_at timestamp(6) without time zone NOT NULL,
    updated_at timestamp(6) without time zone NOT NULL,
    position_type_id bigint NOT NULL
);


ALTER TABLE public.companies OWNER TO student;

--
-- Name: companies_id_seq; Type: SEQUENCE; Schema: public; Owner: student
--

CREATE SEQUENCE public.companies_id_seq
    START WITH 1
    INCREMENT BY 1
    NO MINVALUE
    NO MAXVALUE
    CACHE 1;


ALTER SEQUENCE public.companies_id_seq OWNER TO student;

--
-- Name: companies_id_seq; Type: SEQUENCE OWNED BY; Schema: public; Owner: student
--

ALTER SEQUENCE public.companies_id_seq OWNED BY public.companies.id;


--
-- Name: employee_views; Type: TABLE; Schema: public; Owner: student
--

CREATE TABLE public.employee_views (
    id bigint NOT NULL,
    name character varying,
    description text,
    created_at timestamp(6) without time zone NOT NULL,
    updated_at timestamp(6) without time zone NOT NULL
);


ALTER TABLE public.employee_views OWNER TO student;

--
-- Name: employee_views_employees; Type: TABLE; Schema: public; Owner: student
--

CREATE TABLE public.employee_views_employees (
    id bigint NOT NULL,
    employee_id bigint NOT NULL,
    employee_view_id bigint NOT NULL,
    created_at timestamp(6) without time zone NOT NULL,
    updated_at timestamp(6) without time zone NOT NULL
);


ALTER TABLE public.employee_views_employees OWNER TO student;

--
-- Name: employee_views_employees_id_seq; Type: SEQUENCE; Schema: public; Owner: student
--

CREATE SEQUENCE public.employee_views_employees_id_seq
    START WITH 1
    INCREMENT BY 1
    NO MINVALUE
    NO MAXVALUE
    CACHE 1;


ALTER SEQUENCE public.employee_views_employees_id_seq OWNER TO student;

--
-- Name: employee_views_employees_id_seq; Type: SEQUENCE OWNED BY; Schema: public; Owner: student
--

ALTER SEQUENCE public.employee_views_employees_id_seq OWNED BY public.employee_views_employees.id;


--
-- Name: employee_views_id_seq; Type: SEQUENCE; Schema: public; Owner: student
--

CREATE SEQUENCE public.employee_views_id_seq
    START WITH 1
    INCREMENT BY 1
    NO MINVALUE
    NO MAXVALUE
    CACHE 1;


ALTER SEQUENCE public.employee_views_id_seq OWNER TO student;

--
-- Name: employee_views_id_seq; Type: SEQUENCE OWNED BY; Schema: public; Owner: student
--

ALTER SEQUENCE public.employee_views_id_seq OWNED BY public.employee_views.id;


--
-- Name: employees; Type: TABLE; Schema: public; Owner: student
--

CREATE TABLE public.employees (
    id bigint NOT NULL,
    name character varying NOT NULL,
    job_level_id bigint,
    company_id bigint,
    previous_company_id bigint,
    linkedin_url character varying,
    flagged integer DEFAULT 0 NOT NULL,
    flag_comment text,
    group_id bigint,
    location_id bigint,
    created_at timestamp(6) without time zone NOT NULL,
    updated_at timestamp(6) without time zone NOT NULL,
    position_type_id bigint,
    undergraduate_school_id bigint,
    graduate_school_id bigint
);


ALTER TABLE public.employees OWNER TO student;

--
-- Name: employees_id_seq; Type: SEQUENCE; Schema: public; Owner: student
--

CREATE SEQUENCE public.employees_id_seq
    START WITH 1
    INCREMENT BY 1
    NO MINVALUE
    NO MAXVALUE
    CACHE 1;


ALTER SEQUENCE public.employees_id_seq OWNER TO student;

--
-- Name: employees_id_seq; Type: SEQUENCE OWNED BY; Schema: public; Owner: student
--

ALTER SEQUENCE public.employees_id_seq OWNED BY public.employees.id;


--
-- Name: flags; Type: TABLE; Schema: public; Owner: student
--

CREATE TABLE public.flags (
    id bigint NOT NULL,
    flaggable_type character varying NOT NULL,
    flaggable_id bigint NOT NULL,
    user_id bigint NOT NULL,
    reason character varying,
    status character varying DEFAULT 'pending'::character varying,
    created_at timestamp(6) without time zone NOT NULL,
    updated_at timestamp(6) without time zone NOT NULL,
    text character varying
);


ALTER TABLE public.flags OWNER TO student;

--
-- Name: flags_id_seq; Type: SEQUENCE; Schema: public; Owner: student
--

CREATE SEQUENCE public.flags_id_seq
    START WITH 1
    INCREMENT BY 1
    NO MINVALUE
    NO MAXVALUE
    CACHE 1;


ALTER SEQUENCE public.flags_id_seq OWNER TO student;

--
-- Name: flags_id_seq; Type: SEQUENCE OWNED BY; Schema: public; Owner: student
--

ALTER SEQUENCE public.flags_id_seq OWNED BY public.flags.id;


--
-- Name: form_templates; Type: TABLE; Schema: public; Owner: student
--

CREATE TABLE public.form_templates (
    id bigint NOT NULL,
    form_context character varying NOT NULL,
    question_text character varying NOT NULL,
    response_type character varying NOT NULL,
    created_at timestamp(6) without time zone NOT NULL,
    updated_at timestamp(6) without time zone NOT NULL,
    position_type_id bigint NOT NULL,
    "position" integer
);


ALTER TABLE public.form_templates OWNER TO student;

--
-- Name: form_templates_id_seq; Type: SEQUENCE; Schema: public; Owner: student
--

CREATE SEQUENCE public.form_templates_id_seq
    START WITH 1
    INCREMENT BY 1
    NO MINVALUE
    NO MAXVALUE
    CACHE 1;


ALTER SEQUENCE public.form_templates_id_seq OWNER TO student;

--
-- Name: form_templates_id_seq; Type: SEQUENCE OWNED BY; Schema: public; Owner: student
--

ALTER SEQUENCE public.form_templates_id_seq OWNED BY public.form_templates.id;


--
-- Name: forum_comments; Type: TABLE; Schema: public; Owner: student
--

CREATE TABLE public.forum_comments (
    id bigint NOT NULL,
    body text,
    post_id bigint NOT NULL,
    user_id bigint NOT NULL,
    parent_id integer,
    created_at timestamp(6) without time zone NOT NULL,
    updated_at timestamp(6) without time zone NOT NULL
);


ALTER TABLE public.forum_comments OWNER TO student;

--
-- Name: forum_comments_id_seq; Type: SEQUENCE; Schema: public; Owner: student
--

CREATE SEQUENCE public.forum_comments_id_seq
    START WITH 1
    INCREMENT BY 1
    NO MINVALUE
    NO MAXVALUE
    CACHE 1;


ALTER SEQUENCE public.forum_comments_id_seq OWNER TO student;

--
-- Name: forum_comments_id_seq; Type: SEQUENCE OWNED BY; Schema: public; Owner: student
--

ALTER SEQUENCE public.forum_comments_id_seq OWNED BY public.forum_comments.id;


--
-- Name: forum_rooms; Type: TABLE; Schema: public; Owner: student
--

CREATE TABLE public.forum_rooms (
    id bigint NOT NULL,
    name character varying,
    description text,
    created_at timestamp(6) without time zone NOT NULL,
    updated_at timestamp(6) without time zone NOT NULL
);


ALTER TABLE public.forum_rooms OWNER TO student;

--
-- Name: forum_rooms_id_seq; Type: SEQUENCE; Schema: public; Owner: student
--

CREATE SEQUENCE public.forum_rooms_id_seq
    START WITH 1
    INCREMENT BY 1
    NO MINVALUE
    NO MAXVALUE
    CACHE 1;


ALTER SEQUENCE public.forum_rooms_id_seq OWNER TO student;

--
-- Name: forum_rooms_id_seq; Type: SEQUENCE OWNED BY; Schema: public; Owner: student
--

ALTER SEQUENCE public.forum_rooms_id_seq OWNED BY public.forum_rooms.id;


--
-- Name: groups; Type: TABLE; Schema: public; Owner: student
--

CREATE TABLE public.groups (
    id bigint NOT NULL,
    name character varying NOT NULL,
    company_id bigint,
    location_id bigint,
    created_at timestamp(6) without time zone NOT NULL,
    updated_at timestamp(6) without time zone NOT NULL,
    position_type_id bigint,
    position_type_default boolean DEFAULT false
);


ALTER TABLE public.groups OWNER TO student;

--
-- Name: groups_id_seq; Type: SEQUENCE; Schema: public; Owner: student
--

CREATE SEQUENCE public.groups_id_seq
    START WITH 1
    INCREMENT BY 1
    NO MINVALUE
    NO MAXVALUE
    CACHE 1;


ALTER SEQUENCE public.groups_id_seq OWNER TO student;

--
-- Name: groups_id_seq; Type: SEQUENCE OWNED BY; Schema: public; Owner: student
--

ALTER SEQUENCE public.groups_id_seq OWNED BY public.groups.id;


--
-- Name: interview_coaches; Type: TABLE; Schema: public; Owner: student
--

CREATE TABLE public.interview_coaches (
    id bigint NOT NULL,
    user_id bigint NOT NULL,
    name character varying NOT NULL,
    linkedin_url character varying,
    industry character varying NOT NULL,
    description text,
    languages character varying,
    other_industries character varying,
    highlighted_job character varying NOT NULL,
    created_at timestamp(6) without time zone NOT NULL,
    updated_at timestamp(6) without time zone NOT NULL
);


ALTER TABLE public.interview_coaches OWNER TO student;

--
-- Name: interview_coaches_id_seq; Type: SEQUENCE; Schema: public; Owner: student
--

CREATE SEQUENCE public.interview_coaches_id_seq
    START WITH 1
    INCREMENT BY 1
    NO MINVALUE
    NO MAXVALUE
    CACHE 1;


ALTER SEQUENCE public.interview_coaches_id_seq OWNER TO student;

--
-- Name: interview_coaches_id_seq; Type: SEQUENCE OWNED BY; Schema: public; Owner: student
--

ALTER SEQUENCE public.interview_coaches_id_seq OWNED BY public.interview_coaches.id;


--
-- Name: item_ranks; Type: TABLE; Schema: public; Owner: student
--

CREATE TABLE public.item_ranks (
    id bigint NOT NULL,
    item_id bigint NOT NULL,
    tier_list_id bigint NOT NULL,
    custom_values json,
    rank integer,
    created_at timestamp(6) without time zone NOT NULL,
    updated_at timestamp(6) without time zone NOT NULL,
    user_id bigint
);


ALTER TABLE public.item_ranks OWNER TO student;

--
-- Name: item_ranks_id_seq; Type: SEQUENCE; Schema: public; Owner: student
--

CREATE SEQUENCE public.item_ranks_id_seq
    START WITH 1
    INCREMENT BY 1
    NO MINVALUE
    NO MAXVALUE
    CACHE 1;


ALTER SEQUENCE public.item_ranks_id_seq OWNER TO student;

--
-- Name: item_ranks_id_seq; Type: SEQUENCE OWNED BY; Schema: public; Owner: student
--

ALTER SEQUENCE public.item_ranks_id_seq OWNED BY public.item_ranks.id;


--
-- Name: items; Type: TABLE; Schema: public; Owner: student
--

CREATE TABLE public.items (
    id bigint NOT NULL,
    name character varying,
    created_at timestamp(6) without time zone NOT NULL,
    updated_at timestamp(6) without time zone NOT NULL
);


ALTER TABLE public.items OWNER TO student;

--
-- Name: items_id_seq; Type: SEQUENCE; Schema: public; Owner: student
--

CREATE SEQUENCE public.items_id_seq
    START WITH 1
    INCREMENT BY 1
    NO MINVALUE
    NO MAXVALUE
    CACHE 1;


ALTER SEQUENCE public.items_id_seq OWNER TO student;

--
-- Name: items_id_seq; Type: SEQUENCE OWNED BY; Schema: public; Owner: student
--

ALTER SEQUENCE public.items_id_seq OWNED BY public.items.id;


--
-- Name: job_levels; Type: TABLE; Schema: public; Owner: student
--

CREATE TABLE public.job_levels (
    id bigint NOT NULL,
    name character varying,
    company_id bigint,
    created_at timestamp(6) without time zone NOT NULL,
    updated_at timestamp(6) without time zone NOT NULL,
    level_rank integer,
    is_global_default boolean DEFAULT false NOT NULL,
    is_position_type_default boolean DEFAULT false NOT NULL,
    position_type_id bigint
);


ALTER TABLE public.job_levels OWNER TO student;

--
-- Name: job_levels_id_seq; Type: SEQUENCE; Schema: public; Owner: student
--

CREATE SEQUENCE public.job_levels_id_seq
    START WITH 1
    INCREMENT BY 1
    NO MINVALUE
    NO MAXVALUE
    CACHE 1;


ALTER SEQUENCE public.job_levels_id_seq OWNER TO student;

--
-- Name: job_levels_id_seq; Type: SEQUENCE OWNED BY; Schema: public; Owner: student
--

ALTER SEQUENCE public.job_levels_id_seq OWNED BY public.job_levels.id;


--
-- Name: locations; Type: TABLE; Schema: public; Owner: student
--

CREATE TABLE public.locations (
    id bigint NOT NULL,
    name character varying NOT NULL,
    created_at timestamp(6) without time zone NOT NULL,
    updated_at timestamp(6) without time zone NOT NULL
);


ALTER TABLE public.locations OWNER TO student;

--
-- Name: locations_id_seq; Type: SEQUENCE; Schema: public; Owner: student
--

CREATE SEQUENCE public.locations_id_seq
    START WITH 1
    INCREMENT BY 1
    NO MINVALUE
    NO MAXVALUE
    CACHE 1;


ALTER SEQUENCE public.locations_id_seq OWNER TO student;

--
-- Name: locations_id_seq; Type: SEQUENCE OWNED BY; Schema: public; Owner: student
--

ALTER SEQUENCE public.locations_id_seq OWNED BY public.locations.id;


--
-- Name: mock_interview_profiles; Type: TABLE; Schema: public; Owner: student
--

CREATE TABLE public.mock_interview_profiles (
    id bigint NOT NULL,
    user_id bigint NOT NULL,
    first_name character varying,
    recruiting_for character varying,
    technical_prep_level character varying,
    organization character varying,
    linkedin_url character varying,
    preferred_language character varying,
    english_proficiency integer,
    created_at timestamp(6) without time zone NOT NULL,
    updated_at timestamp(6) without time zone NOT NULL,
    reliability_metric integer DEFAULT 50 NOT NULL,
    time_zone character varying DEFAULT 'Eastern Time (US & Canada)'::character varying,
    no_show_count integer DEFAULT 0 NOT NULL,
    late_count integer DEFAULT 0 NOT NULL,
    total_completes integer DEFAULT 0 NOT NULL
);


ALTER TABLE public.mock_interview_profiles OWNER TO student;

--
-- Name: mock_interview_profiles_id_seq; Type: SEQUENCE; Schema: public; Owner: student
--

CREATE SEQUENCE public.mock_interview_profiles_id_seq
    START WITH 1
    INCREMENT BY 1
    NO MINVALUE
    NO MAXVALUE
    CACHE 1;


ALTER SEQUENCE public.mock_interview_profiles_id_seq OWNER TO student;

--
-- Name: mock_interview_profiles_id_seq; Type: SEQUENCE OWNED BY; Schema: public; Owner: student
--

ALTER SEQUENCE public.mock_interview_profiles_id_seq OWNED BY public.mock_interview_profiles.id;


--
-- Name: mock_interviews; Type: TABLE; Schema: public; Owner: student
--

CREATE TABLE public.mock_interviews (
    id bigint NOT NULL,
    start_date date NOT NULL,
    start_time time without time zone NOT NULL,
    status character varying DEFAULT 'pending'::character varying NOT NULL,
    created_by_id bigint NOT NULL,
    accepted_by_id bigint,
    created_at timestamp(6) without time zone NOT NULL,
    updated_at timestamp(6) without time zone NOT NULL,
    time_zone character varying,
    check_date_time timestamp(6) without time zone,
    creator_reliability_flag character varying,
    acceptor_reliability_flag character varying
);


ALTER TABLE public.mock_interviews OWNER TO student;

--
-- Name: mock_interviews_id_seq; Type: SEQUENCE; Schema: public; Owner: student
--

CREATE SEQUENCE public.mock_interviews_id_seq
    START WITH 1
    INCREMENT BY 1
    NO MINVALUE
    NO MAXVALUE
    CACHE 1;


ALTER SEQUENCE public.mock_interviews_id_seq OWNER TO student;

--
-- Name: mock_interviews_id_seq; Type: SEQUENCE OWNED BY; Schema: public; Owner: student
--

ALTER SEQUENCE public.mock_interviews_id_seq OWNED BY public.mock_interviews.id;


--
-- Name: page_associations; Type: TABLE; Schema: public; Owner: student
--

CREATE TABLE public.page_associations (
    id bigint NOT NULL,
    page_id bigint NOT NULL,
    tier_list_id bigint,
    association_type character varying,
    metadata jsonb DEFAULT '{}'::jsonb,
    created_at timestamp(6) without time zone NOT NULL,
    updated_at timestamp(6) without time zone NOT NULL,
    employee_view_id bigint
);


ALTER TABLE public.page_associations OWNER TO student;

--
-- Name: page_associations_id_seq; Type: SEQUENCE; Schema: public; Owner: student
--

CREATE SEQUENCE public.page_associations_id_seq
    START WITH 1
    INCREMENT BY 1
    NO MINVALUE
    NO MAXVALUE
    CACHE 1;


ALTER SEQUENCE public.page_associations_id_seq OWNER TO student;

--
-- Name: page_associations_id_seq; Type: SEQUENCE OWNED BY; Schema: public; Owner: student
--

ALTER SEQUENCE public.page_associations_id_seq OWNED BY public.page_associations.id;


--
-- Name: pages; Type: TABLE; Schema: public; Owner: student
--

CREATE TABLE public.pages (
    id bigint NOT NULL,
    name character varying NOT NULL,
    slug character varying NOT NULL,
    parent_id integer,
    created_by integer,
    category character varying DEFAULT 'general'::character varying NOT NULL,
    short_description text,
    about text,
    created_at timestamp(6) without time zone NOT NULL,
    updated_at timestamp(6) without time zone NOT NULL
);


ALTER TABLE public.pages OWNER TO student;

--
-- Name: pages_id_seq; Type: SEQUENCE; Schema: public; Owner: student
--

CREATE SEQUENCE public.pages_id_seq
    START WITH 1
    INCREMENT BY 1
    NO MINVALUE
    NO MAXVALUE
    CACHE 1;


ALTER SEQUENCE public.pages_id_seq OWNER TO student;

--
-- Name: pages_id_seq; Type: SEQUENCE OWNED BY; Schema: public; Owner: student
--

ALTER SEQUENCE public.pages_id_seq OWNED BY public.pages.id;


--
-- Name: position_types; Type: TABLE; Schema: public; Owner: student
--

CREATE TABLE public.position_types (
    id bigint NOT NULL,
    name character varying NOT NULL,
    description text,
    created_at timestamp(6) without time zone NOT NULL,
    updated_at timestamp(6) without time zone NOT NULL
);


ALTER TABLE public.position_types OWNER TO student;

--
-- Name: position_types_id_seq; Type: SEQUENCE; Schema: public; Owner: student
--

CREATE SEQUENCE public.position_types_id_seq
    START WITH 1
    INCREMENT BY 1
    NO MINVALUE
    NO MAXVALUE
    CACHE 1;


ALTER SEQUENCE public.position_types_id_seq OWNER TO student;

--
-- Name: position_types_id_seq; Type: SEQUENCE OWNED BY; Schema: public; Owner: student
--

ALTER SEQUENCE public.position_types_id_seq OWNED BY public.position_types.id;


--
-- Name: posts; Type: TABLE; Schema: public; Owner: student
--

CREATE TABLE public.posts (
    id bigint NOT NULL,
    title character varying,
    body text,
    forum_room_id bigint NOT NULL,
    user_id bigint NOT NULL,
    created_at timestamp(6) without time zone NOT NULL,
    updated_at timestamp(6) without time zone NOT NULL
);


ALTER TABLE public.posts OWNER TO student;

--
-- Name: posts_id_seq; Type: SEQUENCE; Schema: public; Owner: student
--

CREATE SEQUENCE public.posts_id_seq
    START WITH 1
    INCREMENT BY 1
    NO MINVALUE
    NO MAXVALUE
    CACHE 1;


ALTER SEQUENCE public.posts_id_seq OWNER TO student;

--
-- Name: posts_id_seq; Type: SEQUENCE OWNED BY; Schema: public; Owner: student
--

ALTER SEQUENCE public.posts_id_seq OWNED BY public.posts.id;


--
-- Name: question_packet_memberships; Type: TABLE; Schema: public; Owner: student
--

CREATE TABLE public.question_packet_memberships (
    id bigint NOT NULL,
    question_id bigint NOT NULL,
    question_packet_id bigint NOT NULL,
    created_at timestamp(6) without time zone NOT NULL,
    updated_at timestamp(6) without time zone NOT NULL
);


ALTER TABLE public.question_packet_memberships OWNER TO student;

--
-- Name: question_packet_memberships_id_seq; Type: SEQUENCE; Schema: public; Owner: student
--

CREATE SEQUENCE public.question_packet_memberships_id_seq
    START WITH 1
    INCREMENT BY 1
    NO MINVALUE
    NO MAXVALUE
    CACHE 1;


ALTER SEQUENCE public.question_packet_memberships_id_seq OWNER TO student;

--
-- Name: question_packet_memberships_id_seq; Type: SEQUENCE OWNED BY; Schema: public; Owner: student
--

ALTER SEQUENCE public.question_packet_memberships_id_seq OWNED BY public.question_packet_memberships.id;


--
-- Name: question_packets; Type: TABLE; Schema: public; Owner: student
--

CREATE TABLE public.question_packets (
    id bigint NOT NULL,
    name character varying NOT NULL,
    created_at timestamp(6) without time zone NOT NULL,
    updated_at timestamp(6) without time zone NOT NULL
);


ALTER TABLE public.question_packets OWNER TO student;

--
-- Name: question_packets_id_seq; Type: SEQUENCE; Schema: public; Owner: student
--

CREATE SEQUENCE public.question_packets_id_seq
    START WITH 1
    INCREMENT BY 1
    NO MINVALUE
    NO MAXVALUE
    CACHE 1;


ALTER SEQUENCE public.question_packets_id_seq OWNER TO student;

--
-- Name: question_packets_id_seq; Type: SEQUENCE OWNED BY; Schema: public; Owner: student
--

ALTER SEQUENCE public.question_packets_id_seq OWNED BY public.question_packets.id;


--
-- Name: questions; Type: TABLE; Schema: public; Owner: student
--

CREATE TABLE public.questions (
    id bigint NOT NULL,
    question_text character varying NOT NULL,
    answer_choice_1 character varying NOT NULL,
    answer_choice_2 character varying NOT NULL,
    answer_choice_3 character varying NOT NULL,
    answer_choice_4 character varying NOT NULL,
    correct_answer integer NOT NULL,
    explanation_text text NOT NULL,
    technical boolean DEFAULT false NOT NULL,
    behavior boolean DEFAULT false NOT NULL,
    category character varying NOT NULL,
    position_type_id bigint NOT NULL,
    difficulty_level integer,
    related_organization character varying,
    question_link character varying,
    question_link_order integer,
    created_at timestamp(6) without time zone NOT NULL,
    updated_at timestamp(6) without time zone NOT NULL,
    related_group character varying
);


ALTER TABLE public.questions OWNER TO student;

--
-- Name: questions_id_seq; Type: SEQUENCE; Schema: public; Owner: student
--

CREATE SEQUENCE public.questions_id_seq
    START WITH 1
    INCREMENT BY 1
    NO MINVALUE
    NO MAXVALUE
    CACHE 1;


ALTER SEQUENCE public.questions_id_seq OWNER TO student;

--
-- Name: questions_id_seq; Type: SEQUENCE OWNED BY; Schema: public; Owner: student
--

ALTER SEQUENCE public.questions_id_seq OWNED BY public.questions.id;


--
-- Name: questions_users; Type: TABLE; Schema: public; Owner: student
--

CREATE TABLE public.questions_users (
    id bigint NOT NULL,
    question_id bigint NOT NULL,
    user_id bigint NOT NULL,
    starred boolean DEFAULT true,
    created_at timestamp(6) without time zone NOT NULL,
    updated_at timestamp(6) without time zone NOT NULL
);


ALTER TABLE public.questions_users OWNER TO student;

--
-- Name: questions_users_id_seq; Type: SEQUENCE; Schema: public; Owner: student
--

CREATE SEQUENCE public.questions_users_id_seq
    START WITH 1
    INCREMENT BY 1
    NO MINVALUE
    NO MAXVALUE
    CACHE 1;


ALTER SEQUENCE public.questions_users_id_seq OWNER TO student;

--
-- Name: questions_users_id_seq; Type: SEQUENCE OWNED BY; Schema: public; Owner: student
--

ALTER SEQUENCE public.questions_users_id_seq OWNED BY public.questions_users.id;


--
-- Name: ratings; Type: TABLE; Schema: public; Owner: student
--

CREATE TABLE public.ratings (
    id bigint NOT NULL,
    employee_id bigint NOT NULL,
    user_id bigint NOT NULL,
    form_context character varying NOT NULL,
    responses jsonb DEFAULT '{}'::jsonb,
    comment text,
    created_at timestamp(6) without time zone NOT NULL,
    updated_at timestamp(6) without time zone NOT NULL
);


ALTER TABLE public.ratings OWNER TO student;

--
-- Name: ratings_id_seq; Type: SEQUENCE; Schema: public; Owner: student
--

CREATE SEQUENCE public.ratings_id_seq
    START WITH 1
    INCREMENT BY 1
    NO MINVALUE
    NO MAXVALUE
    CACHE 1;


ALTER SEQUENCE public.ratings_id_seq OWNER TO student;

--
-- Name: ratings_id_seq; Type: SEQUENCE OWNED BY; Schema: public; Owner: student
--

ALTER SEQUENCE public.ratings_id_seq OWNED BY public.ratings.id;


--
-- Name: schema_migrations; Type: TABLE; Schema: public; Owner: student
--

CREATE TABLE public.schema_migrations (
    version character varying NOT NULL
);


ALTER TABLE public.schema_migrations OWNER TO student;

--
-- Name: schools; Type: TABLE; Schema: public; Owner: student
--

CREATE TABLE public.schools (
    id bigint NOT NULL,
    name character varying,
    created_at timestamp(6) without time zone NOT NULL,
    updated_at timestamp(6) without time zone NOT NULL,
    undergraduate boolean DEFAULT false NOT NULL,
    mba boolean DEFAULT false NOT NULL,
    other_graduate boolean DEFAULT false NOT NULL,
    other boolean DEFAULT false NOT NULL
);


ALTER TABLE public.schools OWNER TO student;

--
-- Name: schools_id_seq; Type: SEQUENCE; Schema: public; Owner: student
--

CREATE SEQUENCE public.schools_id_seq
    START WITH 1
    INCREMENT BY 1
    NO MINVALUE
    NO MAXVALUE
    CACHE 1;


ALTER SEQUENCE public.schools_id_seq OWNER TO student;

--
-- Name: schools_id_seq; Type: SEQUENCE OWNED BY; Schema: public; Owner: student
--

ALTER SEQUENCE public.schools_id_seq OWNED BY public.schools.id;


--
-- Name: tier_list_templates; Type: TABLE; Schema: public; Owner: student
--

CREATE TABLE public.tier_list_templates (
    id bigint NOT NULL,
    name character varying NOT NULL,
    short_description text,
    custom_fields json DEFAULT '[]'::json,
    created_by_id integer NOT NULL,
    created_at timestamp(6) without time zone NOT NULL,
    updated_at timestamp(6) without time zone NOT NULL,
    tag character varying
);


ALTER TABLE public.tier_list_templates OWNER TO student;

--
-- Name: tier_list_templates_id_seq; Type: SEQUENCE; Schema: public; Owner: student
--

CREATE SEQUENCE public.tier_list_templates_id_seq
    START WITH 1
    INCREMENT BY 1
    NO MINVALUE
    NO MAXVALUE
    CACHE 1;


ALTER SEQUENCE public.tier_list_templates_id_seq OWNER TO student;

--
-- Name: tier_list_templates_id_seq; Type: SEQUENCE OWNED BY; Schema: public; Owner: student
--

ALTER SEQUENCE public.tier_list_templates_id_seq OWNED BY public.tier_list_templates.id;


--
-- Name: tier_lists; Type: TABLE; Schema: public; Owner: student
--

CREATE TABLE public.tier_lists (
    id bigint NOT NULL,
    name character varying NOT NULL,
    description text,
    published boolean,
    custom_fields json,
    created_at timestamp(6) without time zone NOT NULL,
    updated_at timestamp(6) without time zone NOT NULL,
    tier_list_template_id bigint,
    category character varying
);


ALTER TABLE public.tier_lists OWNER TO student;

--
-- Name: tier_lists_id_seq; Type: SEQUENCE; Schema: public; Owner: student
--

CREATE SEQUENCE public.tier_lists_id_seq
    START WITH 1
    INCREMENT BY 1
    NO MINVALUE
    NO MAXVALUE
    CACHE 1;


ALTER SEQUENCE public.tier_lists_id_seq OWNER TO student;

--
-- Name: tier_lists_id_seq; Type: SEQUENCE OWNED BY; Schema: public; Owner: student
--

ALTER SEQUENCE public.tier_lists_id_seq OWNED BY public.tier_lists.id;


--
-- Name: users; Type: TABLE; Schema: public; Owner: student
--

CREATE TABLE public.users (
    id bigint NOT NULL,
    user_name character varying DEFAULT ''::character varying NOT NULL,
    admin boolean DEFAULT false,
    email character varying DEFAULT ''::character varying,
    encrypted_password character varying DEFAULT ''::character varying NOT NULL,
    reset_password_token character varying,
    reset_password_sent_at timestamp(6) without time zone,
    remember_created_at timestamp(6) without time zone,
    created_at timestamp(6) without time zone NOT NULL,
    updated_at timestamp(6) without time zone NOT NULL,
    is_interview_coach boolean DEFAULT false NOT NULL
);


ALTER TABLE public.users OWNER TO student;

--
-- Name: users_id_seq; Type: SEQUENCE; Schema: public; Owner: student
--

CREATE SEQUENCE public.users_id_seq
    START WITH 1
    INCREMENT BY 1
    NO MINVALUE
    NO MAXVALUE
    CACHE 1;


ALTER SEQUENCE public.users_id_seq OWNER TO student;

--
-- Name: users_id_seq; Type: SEQUENCE OWNED BY; Schema: public; Owner: student
--

ALTER SEQUENCE public.users_id_seq OWNED BY public.users.id;


--
-- Name: active_storage_attachments id; Type: DEFAULT; Schema: public; Owner: student
--

ALTER TABLE ONLY public.active_storage_attachments ALTER COLUMN id SET DEFAULT nextval('public.active_storage_attachments_id_seq'::regclass);


--
-- Name: active_storage_blobs id; Type: DEFAULT; Schema: public; Owner: student
--

ALTER TABLE ONLY public.active_storage_blobs ALTER COLUMN id SET DEFAULT nextval('public.active_storage_blobs_id_seq'::regclass);


--
-- Name: active_storage_variant_records id; Type: DEFAULT; Schema: public; Owner: student
--

ALTER TABLE ONLY public.active_storage_variant_records ALTER COLUMN id SET DEFAULT nextval('public.active_storage_variant_records_id_seq'::regclass);


--
-- Name: career_aggregate_jobs id; Type: DEFAULT; Schema: public; Owner: student
--

ALTER TABLE ONLY public.career_aggregate_jobs ALTER COLUMN id SET DEFAULT nextval('public.career_aggregate_jobs_id_seq'::regclass);


--
-- Name: career_compensations id; Type: DEFAULT; Schema: public; Owner: student
--

ALTER TABLE ONLY public.career_compensations ALTER COLUMN id SET DEFAULT nextval('public.career_compensations_id_seq'::regclass);


--
-- Name: career_jobs id; Type: DEFAULT; Schema: public; Owner: student
--

ALTER TABLE ONLY public.career_jobs ALTER COLUMN id SET DEFAULT nextval('public.career_jobs_id_seq'::regclass);


--
-- Name: comments id; Type: DEFAULT; Schema: public; Owner: student
--

ALTER TABLE ONLY public.comments ALTER COLUMN id SET DEFAULT nextval('public.comments_id_seq'::regclass);


--
-- Name: companies id; Type: DEFAULT; Schema: public; Owner: student
--

ALTER TABLE ONLY public.companies ALTER COLUMN id SET DEFAULT nextval('public.companies_id_seq'::regclass);


--
-- Name: employee_views id; Type: DEFAULT; Schema: public; Owner: student
--

ALTER TABLE ONLY public.employee_views ALTER COLUMN id SET DEFAULT nextval('public.employee_views_id_seq'::regclass);


--
-- Name: employee_views_employees id; Type: DEFAULT; Schema: public; Owner: student
--

ALTER TABLE ONLY public.employee_views_employees ALTER COLUMN id SET DEFAULT nextval('public.employee_views_employees_id_seq'::regclass);


--
-- Name: employees id; Type: DEFAULT; Schema: public; Owner: student
--

ALTER TABLE ONLY public.employees ALTER COLUMN id SET DEFAULT nextval('public.employees_id_seq'::regclass);


--
-- Name: flags id; Type: DEFAULT; Schema: public; Owner: student
--

ALTER TABLE ONLY public.flags ALTER COLUMN id SET DEFAULT nextval('public.flags_id_seq'::regclass);


--
-- Name: form_templates id; Type: DEFAULT; Schema: public; Owner: student
--

ALTER TABLE ONLY public.form_templates ALTER COLUMN id SET DEFAULT nextval('public.form_templates_id_seq'::regclass);


--
-- Name: forum_comments id; Type: DEFAULT; Schema: public; Owner: student
--

ALTER TABLE ONLY public.forum_comments ALTER COLUMN id SET DEFAULT nextval('public.forum_comments_id_seq'::regclass);


--
-- Name: forum_rooms id; Type: DEFAULT; Schema: public; Owner: student
--

ALTER TABLE ONLY public.forum_rooms ALTER COLUMN id SET DEFAULT nextval('public.forum_rooms_id_seq'::regclass);


--
-- Name: groups id; Type: DEFAULT; Schema: public; Owner: student
--

ALTER TABLE ONLY public.groups ALTER COLUMN id SET DEFAULT nextval('public.groups_id_seq'::regclass);


--
-- Name: interview_coaches id; Type: DEFAULT; Schema: public; Owner: student
--

ALTER TABLE ONLY public.interview_coaches ALTER COLUMN id SET DEFAULT nextval('public.interview_coaches_id_seq'::regclass);


--
-- Name: item_ranks id; Type: DEFAULT; Schema: public; Owner: student
--

ALTER TABLE ONLY public.item_ranks ALTER COLUMN id SET DEFAULT nextval('public.item_ranks_id_seq'::regclass);


--
-- Name: items id; Type: DEFAULT; Schema: public; Owner: student
--

ALTER TABLE ONLY public.items ALTER COLUMN id SET DEFAULT nextval('public.items_id_seq'::regclass);


--
-- Name: job_levels id; Type: DEFAULT; Schema: public; Owner: student
--

ALTER TABLE ONLY public.job_levels ALTER COLUMN id SET DEFAULT nextval('public.job_levels_id_seq'::regclass);


--
-- Name: locations id; Type: DEFAULT; Schema: public; Owner: student
--

ALTER TABLE ONLY public.locations ALTER COLUMN id SET DEFAULT nextval('public.locations_id_seq'::regclass);


--
-- Name: mock_interview_profiles id; Type: DEFAULT; Schema: public; Owner: student
--

ALTER TABLE ONLY public.mock_interview_profiles ALTER COLUMN id SET DEFAULT nextval('public.mock_interview_profiles_id_seq'::regclass);


--
-- Name: mock_interviews id; Type: DEFAULT; Schema: public; Owner: student
--

ALTER TABLE ONLY public.mock_interviews ALTER COLUMN id SET DEFAULT nextval('public.mock_interviews_id_seq'::regclass);


--
-- Name: page_associations id; Type: DEFAULT; Schema: public; Owner: student
--

ALTER TABLE ONLY public.page_associations ALTER COLUMN id SET DEFAULT nextval('public.page_associations_id_seq'::regclass);


--
-- Name: pages id; Type: DEFAULT; Schema: public; Owner: student
--

ALTER TABLE ONLY public.pages ALTER COLUMN id SET DEFAULT nextval('public.pages_id_seq'::regclass);


--
-- Name: position_types id; Type: DEFAULT; Schema: public; Owner: student
--

ALTER TABLE ONLY public.position_types ALTER COLUMN id SET DEFAULT nextval('public.position_types_id_seq'::regclass);


--
-- Name: posts id; Type: DEFAULT; Schema: public; Owner: student
--

ALTER TABLE ONLY public.posts ALTER COLUMN id SET DEFAULT nextval('public.posts_id_seq'::regclass);


--
-- Name: question_packet_memberships id; Type: DEFAULT; Schema: public; Owner: student
--

ALTER TABLE ONLY public.question_packet_memberships ALTER COLUMN id SET DEFAULT nextval('public.question_packet_memberships_id_seq'::regclass);


--
-- Name: question_packets id; Type: DEFAULT; Schema: public; Owner: student
--

ALTER TABLE ONLY public.question_packets ALTER COLUMN id SET DEFAULT nextval('public.question_packets_id_seq'::regclass);


--
-- Name: questions id; Type: DEFAULT; Schema: public; Owner: student
--

ALTER TABLE ONLY public.questions ALTER COLUMN id SET DEFAULT nextval('public.questions_id_seq'::regclass);


--
-- Name: questions_users id; Type: DEFAULT; Schema: public; Owner: student
--

ALTER TABLE ONLY public.questions_users ALTER COLUMN id SET DEFAULT nextval('public.questions_users_id_seq'::regclass);


--
-- Name: ratings id; Type: DEFAULT; Schema: public; Owner: student
--

ALTER TABLE ONLY public.ratings ALTER COLUMN id SET DEFAULT nextval('public.ratings_id_seq'::regclass);


--
-- Name: schools id; Type: DEFAULT; Schema: public; Owner: student
--

ALTER TABLE ONLY public.schools ALTER COLUMN id SET DEFAULT nextval('public.schools_id_seq'::regclass);


--
-- Name: tier_list_templates id; Type: DEFAULT; Schema: public; Owner: student
--

ALTER TABLE ONLY public.tier_list_templates ALTER COLUMN id SET DEFAULT nextval('public.tier_list_templates_id_seq'::regclass);


--
-- Name: tier_lists id; Type: DEFAULT; Schema: public; Owner: student
--

ALTER TABLE ONLY public.tier_lists ALTER COLUMN id SET DEFAULT nextval('public.tier_lists_id_seq'::regclass);


--
-- Name: users id; Type: DEFAULT; Schema: public; Owner: student
--

ALTER TABLE ONLY public.users ALTER COLUMN id SET DEFAULT nextval('public.users_id_seq'::regclass);


--
-- Data for Name: active_storage_attachments; Type: TABLE DATA; Schema: public; Owner: student
--

COPY public.active_storage_attachments (id, name, record_type, record_id, blob_id, created_at) FROM stdin;
3	picture	Item	2	3	2025-02-06 00:20:46.765721
4	picture	EmployeeView	1	4	2025-02-10 17:39:15.149839
5	picture	EmployeeView	2	5	2025-02-10 17:39:51.134755
10	cover_image	Page	1	10	2025-02-12 03:18:05.268098
11	profile_image	Page	1	11	2025-02-12 03:18:05.281585
12	cover_image	Page	2	12	2025-02-12 03:18:31.426669
13	profile_image	Page	2	13	2025-02-12 03:18:31.445821
\.


--
-- Data for Name: active_storage_blobs; Type: TABLE DATA; Schema: public; Owner: student
--

COPY public.active_storage_blobs (id, key, filename, content_type, metadata, service_name, byte_size, checksum, created_at) FROM stdin;
3	ncgqtwiubt07jycuq7u6p2xw9hgr	girafee.jpg	image/jpeg	{"identified":true,"analyzed":true}	amazon	771268	LA/wL6tZJFBI3kvSL4b6zg==	2025-02-06 00:20:46.759813
4	owye5yc1iybbj20lew0jfptyq2nk	IB_Networking.jpg	image/jpeg	{"identified":true,"analyzed":true}	amazon	47147	dF5sUVbfwvYVgF3nwKC21A==	2025-02-10 17:39:15.145814
5	niwhfpobmrynwkq474s2d982y9y6	IB_Networking.jpg	image/jpeg	{"identified":true,"analyzed":true}	amazon	47147	dF5sUVbfwvYVgF3nwKC21A==	2025-02-10 17:39:51.131905
10	x729mld5hyv1gggrfp7o495wmx6v	NYC+background.png	image/png	{"identified":true,"analyzed":true}	amazon	3608595	6AmbTayCijD+yYQuGwqdCg==	2025-02-12 03:18:05.26402
11	4ezul2ib41r9vcjxcvmk4979v7zw	donovan-1660.jpg	image/jpeg	{"identified":true,"analyzed":true}	amazon	57719	MzOwkGXSFNXzoZyi9C/hbA==	2025-02-12 03:18:05.279024
12	lvgswpaqa702wknnkjgq24ls81pt	NYC+background.png	image/png	{"identified":true,"analyzed":true}	amazon	3608595	6AmbTayCijD+yYQuGwqdCg==	2025-02-12 03:18:31.424101
13	yjn5cjkxh3az1eqh7tcyq3gvrqth	EVR-2d832b2a.png	image/png	{"identified":true,"analyzed":true}	amazon	22282	3vePG0dG0ropFEPwQZg8xQ==	2025-02-12 03:18:31.443594
\.


--
-- Data for Name: active_storage_variant_records; Type: TABLE DATA; Schema: public; Owner: student
--

COPY public.active_storage_variant_records (id, blob_id, variation_digest) FROM stdin;
\.


--
-- Data for Name: ar_internal_metadata; Type: TABLE DATA; Schema: public; Owner: student
--

COPY public.ar_internal_metadata (key, value, created_at, updated_at) FROM stdin;
environment	development	2025-02-04 17:21:59.599968	2025-02-04 17:21:59.599972
schema_sha1	ca3190b10f65b6d4cd3f9d134ba6927c566087e5	2025-02-04 17:21:59.602996	2025-02-04 17:21:59.602997
\.


--
-- Data for Name: career_aggregate_jobs; Type: TABLE DATA; Schema: public; Owner: student
--

COPY public.career_aggregate_jobs (id, job_title, company, industry, "group", average_salary, average_bonus, average_hours_worked_per_week, sample_size, year, level, sub_level, created_at, updated_at, location, previous_undergrad, previous_grad, previous_mba) FROM stdin;
\.


--
-- Data for Name: career_compensations; Type: TABLE DATA; Schema: public; Owner: student
--

COPY public.career_compensations (id, career_job_id, year, level, sub_level, salary, bonus, hours_worked_per_week, created_at, updated_at, "group") FROM stdin;
1	1	\N	Analyst	1	110000.00	30000.00	70	2025-02-11 19:10:31.042161	2025-02-11 19:10:31.042161	Not Specified
\.


--
-- Data for Name: career_jobs; Type: TABLE DATA; Schema: public; Owner: student
--

COPY public.career_jobs (id, user_id, company, industry, start_year, years_at_job, created_at, updated_at, location, job_grouping, job_order, previous_undergrad, previous_grad, previous_mba) FROM stdin;
1	1	Goldman Sachs	Investment Banking	2024	1	2025-02-11 19:10:31.038028	2025-02-11 19:10:31.038028	New York	1739301031	1			
\.


--
-- Data for Name: comments; Type: TABLE DATA; Schema: public; Owner: student
--

COPY public.comments (id, tier_list_id, commentable_type, commentable_id, user_id, content, created_at, updated_at) FROM stdin;
\.


--
-- Data for Name: companies; Type: TABLE DATA; Schema: public; Owner: student
--

COPY public.companies (id, name, created_at, updated_at, position_type_id) FROM stdin;
1	Goldman Sachs	2025-02-08 21:50:03.599496	2025-02-08 21:50:03.599496	1
2	JPMorgan Chase	2025-02-08 21:50:03.60791	2025-02-08 21:50:03.60791	1
3	Morgan Stanley	2025-02-08 21:50:03.615944	2025-02-08 21:50:03.615944	1
4	Bank of America Merrill Lynch	2025-02-08 21:50:03.627561	2025-02-08 21:50:03.627561	1
5	Citigroup	2025-02-08 21:50:03.635579	2025-02-08 21:50:03.635579	1
6	Credit Suisse	2025-02-08 21:50:03.643012	2025-02-08 21:50:03.643012	1
7	Deutsche Bank	2025-02-08 21:50:03.650167	2025-02-08 21:50:03.650167	1
8	Barclays	2025-02-08 21:50:03.65668	2025-02-08 21:50:03.65668	1
9	UBS	2025-02-08 21:50:03.66228	2025-02-08 21:50:03.66228	1
10	Lazard	2025-02-08 21:50:03.66989	2025-02-08 21:50:03.66989	1
11	Evercore	2025-02-08 21:50:03.675641	2025-02-08 21:50:03.675641	1
12	Jefferies	2025-02-08 21:50:03.681742	2025-02-08 21:50:03.681742	1
13	Houlihan Lokey	2025-02-08 21:50:03.688044	2025-02-08 21:50:03.688044	1
14	Rothschild & Co	2025-02-08 21:50:03.692818	2025-02-08 21:50:03.692818	1
15	Guggenheim Partners	2025-02-08 21:50:03.697855	2025-02-08 21:50:03.697855	1
16	Moelis & Company	2025-02-08 21:50:03.703006	2025-02-08 21:50:03.703006	1
17	Perella Weinberg Partners	2025-02-08 21:50:03.708178	2025-02-08 21:50:03.708178	1
18	PJT Partners	2025-02-08 21:50:03.713155	2025-02-08 21:50:03.713155	1
19	Greenhill & Co	2025-02-08 21:50:03.718224	2025-02-08 21:50:03.718224	1
20	Raymond James	2025-02-08 21:50:03.723231	2025-02-08 21:50:03.723231	1
21	HSBC	2025-02-08 21:50:03.728154	2025-02-08 21:50:03.728154	1
22	Macquarie Group	2025-02-08 21:50:03.733518	2025-02-08 21:50:03.733518	1
23	Nomura	2025-02-08 21:50:03.739449	2025-02-08 21:50:03.739449	1
24	Societe Generale	2025-02-08 21:50:03.744661	2025-02-08 21:50:03.744661	1
25	BNP Paribas	2025-02-08 21:50:03.749927	2025-02-08 21:50:03.749927	1
26	Wells Fargo Securities	2025-02-08 21:50:03.755078	2025-02-08 21:50:03.755078	1
27	CIBC World Markets	2025-02-08 21:50:03.760193	2025-02-08 21:50:03.760193	1
28	Mizuho Financial Group	2025-02-08 21:50:03.765232	2025-02-08 21:50:03.765232	1
29	BMO	2025-02-08 21:50:03.770257	2025-02-08 21:50:03.770257	1
30	RBC	2025-02-08 21:50:03.775134	2025-02-08 21:50:03.775134	1
31	Truist	2025-02-08 21:50:03.78049	2025-02-08 21:50:03.78049	1
32	Santander	2025-02-08 21:50:03.786351	2025-02-08 21:50:03.786351	1
33	LionTree	2025-02-08 21:50:03.791355	2025-02-08 21:50:03.791355	1
34	Qatalyst	2025-02-08 21:50:03.796423	2025-02-08 21:50:03.796423	1
35	Raine Group	2025-02-08 21:50:03.801447	2025-02-08 21:50:03.801447	1
36	Allen & Company	2025-02-08 21:50:03.806269	2025-02-08 21:50:03.806269	1
37	Blackstone	2025-02-08 21:50:03.811124	2025-02-08 21:50:03.811124	2
38	KKR	2025-02-08 21:50:03.816012	2025-02-08 21:50:03.816012	2
39	Carlyle Group	2025-02-08 21:50:03.820897	2025-02-08 21:50:03.820897	2
40	TPG Capital	2025-02-08 21:50:03.826225	2025-02-08 21:50:03.826225	2
41	Apollo	2025-02-08 21:50:03.832042	2025-02-08 21:50:03.832042	2
42	Warburg Pincus	2025-02-08 21:50:03.837075	2025-02-08 21:50:03.837075	2
43	Bain Capital	2025-02-08 21:50:03.842092	2025-02-08 21:50:03.842092	2
44	Advent International	2025-02-08 21:50:03.847179	2025-02-08 21:50:03.847179	2
45	Hellman & Friedman	2025-02-08 21:50:03.852192	2025-02-08 21:50:03.852192	2
46	Silver Lake Partners	2025-02-08 21:50:03.857093	2025-02-08 21:50:03.857093	2
47	Thoma Bravo	2025-02-08 21:50:03.861966	2025-02-08 21:50:03.861966	2
48	Clayton, Dubilier & Rice (CD&R)	2025-02-08 21:50:03.867084	2025-02-08 21:50:03.867084	2
49	EQT Partners	2025-02-08 21:50:03.872584	2025-02-08 21:50:03.872584	2
50	General Atlantic	2025-02-08 21:50:03.878325	2025-02-08 21:50:03.878325	2
51	Vista Equity Partners	2025-02-08 21:50:03.883341	2025-02-08 21:50:03.883341	2
52	Brookfield Asset Management	2025-02-08 21:50:03.888387	2025-02-08 21:50:03.888387	2
53	CVC Capital Partners	2025-02-08 21:50:03.893497	2025-02-08 21:50:03.893497	2
54	Permira	2025-02-08 21:50:03.898561	2025-02-08 21:50:03.898561	2
55	Ares Management	2025-02-08 21:50:03.903555	2025-02-08 21:50:03.903555	2
56	Oaktree Capital Management	2025-02-08 21:50:03.908518	2025-02-08 21:50:03.908518	2
57	L Catterton	2025-02-08 21:50:03.913315	2025-02-08 21:50:03.913315	2
58	Partners Group	2025-02-08 21:50:03.918845	2025-02-08 21:50:03.918845	2
59	HarbourVest Partners	2025-02-08 21:50:03.924738	2025-02-08 21:50:03.924738	2
60	Apollo Global Management	2025-02-08 21:50:03.929851	2025-02-08 21:50:03.929851	2
61	Ardian	2025-02-08 21:50:03.934916	2025-02-08 21:50:03.934916	2
62	Kohlberg & Company	2025-02-08 21:50:03.939979	2025-02-08 21:50:03.939979	2
63	Francisco Partners	2025-02-08 21:50:03.944917	2025-02-08 21:50:03.944917	2
64	HG Capital	2025-02-08 21:50:03.949874	2025-02-08 21:50:03.949874	2
65	ICG (Intermediate Capital Group)	2025-02-08 21:50:03.954744	2025-02-08 21:50:03.954744	2
66	Providence Equity Partners	2025-02-08 21:50:03.959553	2025-02-08 21:50:03.959553	2
67	Charterhouse Capital Partners	2025-02-08 21:50:03.964996	2025-02-08 21:50:03.964996	2
68	Sun Capital Partners	2025-02-08 21:50:03.970801	2025-02-08 21:50:03.970801	2
69	Lion Capital	2025-02-08 21:50:03.976147	2025-02-08 21:50:03.976147	2
70	Cerberus Capital Management	2025-02-08 21:50:03.98112	2025-02-08 21:50:03.98112	2
71	HIG Capital	2025-02-08 21:50:03.986116	2025-02-08 21:50:03.986116	2
72	Adams Street Partners	2025-02-08 21:50:03.991037	2025-02-08 21:50:03.991037	2
73	Madison Dearborn Partners	2025-02-08 21:50:03.995734	2025-02-08 21:50:03.995734	2
74	Audax Group	2025-02-08 21:50:04.00073	2025-02-08 21:50:04.00073	2
75	American Securities	2025-02-08 21:50:04.005771	2025-02-08 21:50:04.005771	2
76	Paine Schwartz Partners	2025-02-08 21:50:04.011259	2025-02-08 21:50:04.011259	2
77	GTCR	2025-02-08 21:50:04.016891	2025-02-08 21:50:04.016891	2
78	Welsh, Carson, Anderson & Stowe (WCAS)	2025-02-08 21:50:04.021944	2025-02-08 21:50:04.021944	2
79	Accel-KKR	2025-02-08 21:50:04.026772	2025-02-08 21:50:04.026772	2
80	Sequoia Capital	2025-02-08 21:50:04.031993	2025-02-08 21:50:04.031993	3
81	Andreessen Horowitz	2025-02-08 21:50:04.037339	2025-02-08 21:50:04.037339	3
82	Accel Partners	2025-02-08 21:50:04.042511	2025-02-08 21:50:04.042511	3
83	Benchmark	2025-02-08 21:50:04.047574	2025-02-08 21:50:04.047574	3
84	Greylock Partners	2025-02-08 21:50:04.054105	2025-02-08 21:50:04.054105	3
85	Lightspeed Venture Partners	2025-02-08 21:50:04.059255	2025-02-08 21:50:04.059255	3
86	Kleiner Perkins	2025-02-08 21:50:04.064724	2025-02-08 21:50:04.064724	3
87	Union Square Ventures	2025-02-08 21:50:04.071219	2025-02-08 21:50:04.071219	3
88	Bessemer Venture Partners	2025-02-08 21:50:04.076474	2025-02-08 21:50:04.076474	3
89	Insight Partners	2025-02-08 21:50:04.08152	2025-02-08 21:50:04.08152	3
90	GV (Google Ventures)	2025-02-08 21:50:04.08663	2025-02-08 21:50:04.08663	3
91	SoftBank Vision Fund	2025-02-08 21:50:04.091675	2025-02-08 21:50:04.091675	3
92	Index Ventures	2025-02-08 21:50:04.096832	2025-02-08 21:50:04.096832	3
93	IVP (Institutional Venture Partners)	2025-02-08 21:50:04.102352	2025-02-08 21:50:04.102352	3
94	NEA (New Enterprise Associates)	2025-02-08 21:50:04.107235	2025-02-08 21:50:04.107235	3
95	General Catalyst	2025-02-08 21:50:04.112702	2025-02-08 21:50:04.112702	3
96	Redpoint Ventures	2025-02-08 21:50:04.118515	2025-02-08 21:50:04.118515	3
97	Balderton Capital	2025-02-08 21:50:04.123659	2025-02-08 21:50:04.123659	3
98	Forerunner Ventures	2025-02-08 21:50:04.128407	2025-02-08 21:50:04.128407	3
99	Craft Ventures	2025-02-08 21:50:04.133437	2025-02-08 21:50:04.133437	3
100	First Round Capital	2025-02-08 21:50:04.138435	2025-02-08 21:50:04.138435	3
101	500 Global (formerly 500 Startups)	2025-02-08 21:50:04.143378	2025-02-08 21:50:04.143378	3
102	Hummingbird Ventures	2025-02-08 21:50:04.148321	2025-02-08 21:50:04.148321	3
103	Foundry Group	2025-02-08 21:50:04.153327	2025-02-08 21:50:04.153327	3
104	RRE Ventures	2025-02-08 21:50:04.15824	2025-02-08 21:50:04.15824	3
105	Tiger Global Management	2025-02-08 21:50:04.163476	2025-02-08 21:50:04.163476	3
106	Battery Ventures	2025-02-08 21:50:04.169219	2025-02-08 21:50:04.169219	3
107	Menlo Ventures	2025-02-08 21:50:04.174383	2025-02-08 21:50:04.174383	3
108	Norwest Venture Partners	2025-02-08 21:50:04.179386	2025-02-08 21:50:04.179386	3
109	Sapphire Ventures	2025-02-08 21:50:04.184416	2025-02-08 21:50:04.184416	3
110	Alkeon Capital	2025-02-08 21:50:04.189374	2025-02-08 21:50:04.189374	3
111	Thrive Capital	2025-02-08 21:50:04.194413	2025-02-08 21:50:04.194413	3
112	Founders Fund	2025-02-08 21:50:04.19951	2025-02-08 21:50:04.19951	3
113	8VC	2025-02-08 21:50:04.204274	2025-02-08 21:50:04.204274	3
114	DCM Ventures	2025-02-08 21:50:04.209714	2025-02-08 21:50:04.209714	3
115	Shasta Ventures	2025-02-08 21:50:04.21558	2025-02-08 21:50:04.21558	3
116	Wing Venture Capital	2025-02-08 21:50:04.220625	2025-02-08 21:50:04.220625	3
117	Altos Ventures	2025-02-08 21:50:04.225612	2025-02-08 21:50:04.225612	3
118	Matrix Partners	2025-02-08 21:50:04.230752	2025-02-08 21:50:04.230752	3
119	GGV Capital	2025-02-08 21:50:04.235841	2025-02-08 21:50:04.235841	3
120	Aspect Ventures	2025-02-08 21:50:04.240745	2025-02-08 21:50:04.240745	3
121	Crosslink Capital	2025-02-08 21:50:04.245815	2025-02-08 21:50:04.245815	3
122	Scale Venture Partners	2025-02-08 21:50:04.250879	2025-02-08 21:50:04.250879	3
123	Eurazeo	2025-02-08 21:50:04.256323	2025-02-08 21:50:04.256323	3
124	Palo Alto Networks Ventures	2025-02-08 21:50:04.262172	2025-02-08 21:50:04.262172	3
125	Google	2025-02-08 21:50:04.266906	2025-02-08 21:50:04.266906	4
126	Amazon	2025-02-08 21:50:04.27202	2025-02-08 21:50:04.27202	4
127	Microsoft	2025-02-08 21:50:04.277114	2025-02-08 21:50:04.277114	4
128	Apple	2025-02-08 21:50:04.282096	2025-02-08 21:50:04.282096	4
129	Meta (formerly Facebook)	2025-02-08 21:50:04.287198	2025-02-08 21:50:04.287198	4
130	Netflix	2025-02-08 21:50:04.292218	2025-02-08 21:50:04.292218	4
131	Adobe	2025-02-08 21:50:04.297245	2025-02-08 21:50:04.297245	4
132	Salesforce	2025-02-08 21:50:04.302134	2025-02-08 21:50:04.302134	4
133	Intel	2025-02-08 21:50:04.307419	2025-02-08 21:50:04.307419	4
134	Cisco Systems	2025-02-08 21:50:04.313219	2025-02-08 21:50:04.313219	4
135	AIG	2025-02-08 21:50:04.318398	2025-02-08 21:50:04.318398	4
136	MetLife	2025-02-08 21:50:04.323537	2025-02-08 21:50:04.323537	4
137	Prudential Financial	2025-02-08 21:50:04.328539	2025-02-08 21:50:04.328539	4
138	Allstate	2025-02-08 21:50:04.333536	2025-02-08 21:50:04.333536	4
139	State Farm	2025-02-08 21:50:04.338621	2025-02-08 21:50:04.338621	4
140	The Hartford	2025-02-08 21:50:04.343518	2025-02-08 21:50:04.343518	4
141	Chubb Limited	2025-02-08 21:50:04.348549	2025-02-08 21:50:04.348549	4
142	Liberty Mutual	2025-02-08 21:50:04.354153	2025-02-08 21:50:04.354153	4
143	Progressive	2025-02-08 21:50:04.360155	2025-02-08 21:50:04.360155	4
144	Travelers Companies	2025-02-08 21:50:04.36527	2025-02-08 21:50:04.36527	4
145	General Electric (GE)	2025-02-08 21:50:04.370358	2025-02-08 21:50:04.370358	4
146	Honeywell	2025-02-08 21:50:04.375196	2025-02-08 21:50:04.375196	4
147	3M	2025-02-08 21:50:04.380471	2025-02-08 21:50:04.380471	4
148	Caterpillar	2025-02-08 21:50:04.385578	2025-02-08 21:50:04.385578	4
149	Deere & Company	2025-02-08 21:50:04.39066	2025-02-08 21:50:04.39066	4
150	Eaton Corporation	2025-02-08 21:50:04.395782	2025-02-08 21:50:04.395782	4
151	Emerson Electric	2025-02-08 21:50:04.401292	2025-02-08 21:50:04.401292	4
152	Parker Hannifin	2025-02-08 21:50:04.407258	2025-02-08 21:50:04.407258	4
153	Rockwell Automation	2025-02-08 21:50:04.412338	2025-02-08 21:50:04.412338	4
154	Textron	2025-02-08 21:50:04.417365	2025-02-08 21:50:04.417365	4
155	Pfizer	2025-02-08 21:50:04.422615	2025-02-08 21:50:04.422615	4
156	Johnson & Johnson	2025-02-08 21:50:04.427741	2025-02-08 21:50:04.427741	4
157	Merck	2025-02-08 21:50:04.432743	2025-02-08 21:50:04.432743	4
158	AbbVie	2025-02-08 21:50:04.437794	2025-02-08 21:50:04.437794	4
159	Bristol-Myers Squibb	2025-02-08 21:50:04.442924	2025-02-08 21:50:04.442924	4
160	Amgen	2025-02-08 21:50:04.448471	2025-02-08 21:50:04.448471	4
161	Gilead Sciences	2025-02-08 21:50:04.508451	2025-02-08 21:50:04.508451	4
162	Novartis	2025-02-08 21:50:04.515464	2025-02-08 21:50:04.515464	4
163	Eli Lilly	2025-02-08 21:50:04.523047	2025-02-08 21:50:04.523047	4
164	Roche	2025-02-08 21:50:04.531177	2025-02-08 21:50:04.531177	4
165	Walmart	2025-02-08 21:50:04.535925	2025-02-08 21:50:04.535925	4
166	Target	2025-02-08 21:50:04.541893	2025-02-08 21:50:04.541893	4
167	Costco Wholesale	2025-02-08 21:50:04.547433	2025-02-08 21:50:04.547433	4
168	Home Depot	2025-02-08 21:50:04.552968	2025-02-08 21:50:04.552968	4
169	Lowes	2025-02-08 21:50:04.558886	2025-02-08 21:50:04.558886	4
170	CVS Health	2025-02-08 21:50:04.564896	2025-02-08 21:50:04.564896	4
171	Walgreens Boots Alliance	2025-02-08 21:50:04.57035	2025-02-08 21:50:04.57035	4
172	Kroger	2025-02-08 21:50:04.600365	2025-02-08 21:50:04.600365	4
173	Macys	2025-02-08 21:50:04.606649	2025-02-08 21:50:04.606649	4
174	Nordstrom	2025-02-08 21:50:04.61191	2025-02-08 21:50:04.61191	4
175	Citadel	2025-02-08 21:50:04.617688	2025-02-08 21:50:04.617688	5
176	Bridgewater Associates	2025-02-08 21:50:04.622774	2025-02-08 21:50:04.622774	5
177	Two Sigma	2025-02-08 21:50:04.627917	2025-02-08 21:50:04.627917	5
178	Millennium Management	2025-02-08 21:50:04.633067	2025-02-08 21:50:04.633067	5
179	D.E. Shaw & Co.	2025-02-08 21:50:04.637987	2025-02-08 21:50:04.637987	5
180	Renaissance Technologies	2025-02-08 21:50:04.642853	2025-02-08 21:50:04.642853	5
181	Point72 Asset Management	2025-02-08 21:50:04.64787	2025-02-08 21:50:04.64787	5
182	AQR Capital Management	2025-02-08 21:50:04.652591	2025-02-08 21:50:04.652591	5
183	Elliott Management Corporation	2025-02-08 21:50:04.659358	2025-02-08 21:50:04.659358	5
184	Man Group	2025-02-08 21:50:04.66413	2025-02-08 21:50:04.66413	5
185	Balyasny Asset Management	2025-02-08 21:50:04.670276	2025-02-08 21:50:04.670276	5
186	Pershing Square Capital Management	2025-02-08 21:50:04.678249	2025-02-08 21:50:04.678249	5
187	BlueCrest Capital Management	2025-02-08 21:50:04.684401	2025-02-08 21:50:04.684401	5
188	Caxton Associates	2025-02-08 21:50:04.689497	2025-02-08 21:50:04.689497	5
189	Marshall Wace	2025-02-08 21:50:04.694531	2025-02-08 21:50:04.694531	5
190	Davidson Kempner Capital Management	2025-02-08 21:50:04.699438	2025-02-08 21:50:04.699438	5
191	Hudson Bay Capital Management	2025-02-08 21:50:04.704304	2025-02-08 21:50:04.704304	5
192	Anchorage Capital Partners	2025-02-08 21:50:04.709268	2025-02-08 21:50:04.709268	5
193	Third Point LLC	2025-02-08 21:50:04.714263	2025-02-08 21:50:04.714263	5
194	Adage Capital Management	2025-02-08 21:50:04.719255	2025-02-08 21:50:04.719255	5
195	King Street Capital Management	2025-02-08 21:50:04.725911	2025-02-08 21:50:04.725911	5
196	Canyon Partners	2025-02-08 21:50:04.732025	2025-02-08 21:50:04.732025	5
197	Farallon Capital	2025-02-08 21:50:04.73732	2025-02-08 21:50:04.73732	5
198	Och-Ziff Capital Management (Sculptor)	2025-02-08 21:50:04.742566	2025-02-08 21:50:04.742566	5
199	Lone Pine Capital	2025-02-08 21:50:04.74768	2025-02-08 21:50:04.74768	5
200	Tiger Global Management	2025-02-08 21:50:04.753066	2025-02-08 21:50:04.753066	5
201	Greenlight Capital	2025-02-08 21:50:04.75814	2025-02-08 21:50:04.75814	5
202	Highbridge Capital Management	2025-02-08 21:50:04.763292	2025-02-08 21:50:04.763292	5
203	ValueAct Capital	2025-02-08 21:50:04.768277	2025-02-08 21:50:04.768277	5
204	Viking Global Investors	2025-02-08 21:50:04.773329	2025-02-08 21:50:04.773329	5
205	Glennmont Partners	2025-02-08 21:50:04.778294	2025-02-08 21:50:04.778294	5
206	Tudor Investment Corporation	2025-02-08 21:50:04.784871	2025-02-08 21:50:04.784871	5
207	Soros Fund Management	2025-02-08 21:50:04.789755	2025-02-08 21:50:04.789755	5
208	York Capital Management	2025-02-08 21:50:04.795759	2025-02-08 21:50:04.795759	5
209	GMO LLC	2025-02-08 21:50:04.801072	2025-02-08 21:50:04.801072	5
210	Perry Capital	2025-02-08 21:50:04.806261	2025-02-08 21:50:04.806261	5
211	Fidelity Investments	2025-02-08 21:50:04.811427	2025-02-08 21:50:04.811427	6
212	Vanguard	2025-02-08 21:50:04.816623	2025-02-08 21:50:04.816623	6
213	BlackRock	2025-02-08 21:50:04.821731	2025-02-08 21:50:04.821731	6
214	T. Rowe Price	2025-02-08 21:50:04.826687	2025-02-08 21:50:04.826687	6
215	Schroders	2025-02-08 21:50:04.83166	2025-02-08 21:50:04.83166	6
216	AllianceBernstein (Bernstein)	2025-02-08 21:50:04.836706	2025-02-08 21:50:04.836706	6
217	Dodge & Cox	2025-02-08 21:50:04.841749	2025-02-08 21:50:04.841749	6
218	Neuberger Berman	2025-02-08 21:50:04.848258	2025-02-08 21:50:04.848258	6
219	PIMCO	2025-02-08 21:50:04.854421	2025-02-08 21:50:04.854421	6
220	Franklin Templeton Investments	2025-02-08 21:50:04.859708	2025-02-08 21:50:04.859708	6
221	Invesco	2025-02-08 21:50:04.865392	2025-02-08 21:50:04.865392	6
222	State Street Global Advisors	2025-02-08 21:50:04.870585	2025-02-08 21:50:04.870585	6
223	Northern Trust Asset Management	2025-02-08 21:50:04.875834	2025-02-08 21:50:04.875834	6
224	Charles Schwab Investment Management	2025-02-08 21:50:04.880957	2025-02-08 21:50:04.880957	6
225	Janus Henderson Investors	2025-02-08 21:50:04.885998	2025-02-08 21:50:04.885998	6
226	Capital Group (American Funds)	2025-02-08 21:50:04.890974	2025-02-08 21:50:04.890974	6
227	J.P. Morgan Asset Management	2025-02-08 21:50:04.896205	2025-02-08 21:50:04.896205	6
228	Morgan Stanley Investment Management	2025-02-08 21:50:04.90158	2025-02-08 21:50:04.90158	6
229	Goldman Sachs Asset Management	2025-02-08 21:50:04.909298	2025-02-08 21:50:04.909298	6
230	UBS Asset Management	2025-02-08 21:50:04.915663	2025-02-08 21:50:04.915663	6
231	Barings	2025-02-08 21:50:04.920505	2025-02-08 21:50:04.920505	6
232	Nuveen	2025-02-08 21:50:04.925838	2025-02-08 21:50:04.925838	6
233	Wellington Management	2025-02-08 21:50:04.931182	2025-02-08 21:50:04.931182	6
234	Principal Global Investors	2025-02-08 21:50:04.936442	2025-02-08 21:50:04.936442	6
235	Amundi Asset Management	2025-02-08 21:50:04.941572	2025-02-08 21:50:04.941572	6
236	Legg Mason	2025-02-08 21:50:04.946602	2025-02-08 21:50:04.946602	6
237	Macquarie Asset Management	2025-02-08 21:50:04.951546	2025-02-08 21:50:04.951546	6
238	Putnam Investments	2025-02-08 21:50:04.956586	2025-02-08 21:50:04.956586	6
239	Manulife Investment Management	2025-02-08 21:50:04.961669	2025-02-08 21:50:04.961669	6
240	MFS Investment Management	2025-02-08 21:50:04.966722	2025-02-08 21:50:04.966722	6
241	Dimensional Fund Advisors	2025-02-08 21:50:04.97318	2025-02-08 21:50:04.97318	6
242	AQR Capital Management	2025-02-08 21:50:04.979998	2025-02-08 21:50:04.979998	6
243	DoubleLine Capital	2025-02-08 21:50:04.985304	2025-02-08 21:50:04.985304	6
244	Voya Investment Management	2025-02-08 21:50:04.990551	2025-02-08 21:50:04.990551	6
245	Brandywine Global	2025-02-08 21:50:04.995747	2025-02-08 21:50:04.995747	6
246	Eaton Vance	2025-02-08 21:50:05.000971	2025-02-08 21:50:05.000971	6
247	Robeco	2025-02-08 21:50:05.006003	2025-02-08 21:50:05.006003	6
248	Loomis Sayles	2025-02-08 21:50:05.011055	2025-02-08 21:50:05.011055	6
249	Federated Hermes	2025-02-08 21:50:05.016149	2025-02-08 21:50:05.016149	6
250	ClearBridge Investments	2025-02-08 21:50:05.020966	2025-02-08 21:50:05.020966	6
251	Datadog	2025-02-08 21:50:05.026088	2025-02-08 21:50:05.026088	7
252	Databricks	2025-02-08 21:50:05.032834	2025-02-08 21:50:05.032834	7
253	Microsoft	2025-02-08 21:50:05.039082	2025-02-08 21:50:05.039082	7
254	Amazon	2025-02-08 21:50:05.044451	2025-02-08 21:50:05.044451	7
255	Google	2025-02-08 21:50:05.049758	2025-02-08 21:50:05.049758	7
256	Apple	2025-02-08 21:50:05.054966	2025-02-08 21:50:05.054966	7
257	Meta (formerly Facebook)	2025-02-08 21:50:05.060179	2025-02-08 21:50:05.060179	7
258	Adobe	2025-02-08 21:50:05.065	2025-02-08 21:50:05.065	7
259	Salesforce	2025-02-08 21:50:05.070037	2025-02-08 21:50:05.070037	7
260	Intel	2025-02-08 21:50:05.075073	2025-02-08 21:50:05.075073	7
261	General Electric	2025-02-08 21:50:05.080219	2025-02-08 21:50:05.080219	7
262	3M	2025-02-08 21:50:05.085266	2025-02-08 21:50:05.085266	7
263	Caterpillar	2025-02-08 21:50:05.090601	2025-02-08 21:50:05.090601	7
264	Honeywell	2025-02-08 21:50:05.096962	2025-02-08 21:50:05.096962	7
265	Emerson Electric	2025-02-08 21:50:05.103173	2025-02-08 21:50:05.103173	7
266	Deere & Company	2025-02-08 21:50:05.108527	2025-02-08 21:50:05.108527	7
267	Parker Hannifin	2025-02-08 21:50:05.113728	2025-02-08 21:50:05.113728	7
268	Rockwell Automation	2025-02-08 21:50:05.118914	2025-02-08 21:50:05.118914	7
269	Eaton Corporation	2025-02-08 21:50:05.124137	2025-02-08 21:50:05.124137	7
270	Textron	2025-02-08 21:50:05.129218	2025-02-08 21:50:05.129218	7
271	Procter & Gamble	2025-02-08 21:50:05.134302	2025-02-08 21:50:05.134302	7
272	Coca-Cola	2025-02-08 21:50:05.139385	2025-02-08 21:50:05.139385	7
273	PepsiCo	2025-02-08 21:50:05.144485	2025-02-08 21:50:05.144485	7
274	Unilever	2025-02-08 21:50:05.149441	2025-02-08 21:50:05.149441	7
275	Nestl	2025-02-08 21:50:05.156004	2025-02-08 21:50:05.156004	7
276	Colgate-Palmolive	2025-02-08 21:50:05.162147	2025-02-08 21:50:05.162147	7
277	Kimberly-Clark	2025-02-08 21:50:05.167333	2025-02-08 21:50:05.167333	7
278	Mondelez International	2025-02-08 21:50:05.172564	2025-02-08 21:50:05.172564	7
279	The Hershey Company	2025-02-08 21:50:05.177856	2025-02-08 21:50:05.177856	7
280	Kraft Heinz	2025-02-08 21:50:05.182987	2025-02-08 21:50:05.182987	7
281	Johnson & Johnson	2025-02-08 21:50:05.188861	2025-02-08 21:50:05.188861	7
282	Pfizer	2025-02-08 21:50:05.193971	2025-02-08 21:50:05.193971	7
283	Merck & Co.	2025-02-08 21:50:05.199111	2025-02-08 21:50:05.199111	7
284	AbbVie	2025-02-08 21:50:05.204258	2025-02-08 21:50:05.204258	7
285	Bristol-Myers Squibb	2025-02-08 21:50:05.209122	2025-02-08 21:50:05.209122	7
286	Amgen	2025-02-08 21:50:05.215836	2025-02-08 21:50:05.215836	7
287	Gilead Sciences	2025-02-08 21:50:05.222066	2025-02-08 21:50:05.222066	7
288	Eli Lilly	2025-02-08 21:50:05.227463	2025-02-08 21:50:05.227463	7
289	Medtronic	2025-02-08 21:50:05.232791	2025-02-08 21:50:05.232791	7
290	Roche	2025-02-08 21:50:05.238076	2025-02-08 21:50:05.238076	7
291	Walmart	2025-02-08 21:50:05.242901	2025-02-08 21:50:05.242901	7
292	Target	2025-02-08 21:50:05.248131	2025-02-08 21:50:05.248131	7
293	Costco Wholesale	2025-02-08 21:50:05.253199	2025-02-08 21:50:05.253199	7
294	Home Depot	2025-02-08 21:50:05.258314	2025-02-08 21:50:05.258314	7
295	Lowes	2025-02-08 21:50:05.263326	2025-02-08 21:50:05.263326	7
296	CVS Health	2025-02-08 21:50:05.268361	2025-02-08 21:50:05.268361	7
297	Walgreens Boots Alliance	2025-02-08 21:50:05.273465	2025-02-08 21:50:05.273465	7
298	Kroger	2025-02-08 21:50:05.280057	2025-02-08 21:50:05.280057	7
299	Macys	2025-02-08 21:50:05.286119	2025-02-08 21:50:05.286119	7
300	Nordstrom	2025-02-08 21:50:05.291476	2025-02-08 21:50:05.291476	7
301	McKinsey & Company	2025-02-08 21:50:05.296661	2025-02-08 21:50:05.296661	8
302	Boston Consulting Group (BCG)	2025-02-08 21:50:05.301905	2025-02-08 21:50:05.301905	8
303	Bain & Company	2025-02-08 21:50:05.307098	2025-02-08 21:50:05.307098	8
304	Roland Berger	2025-02-08 21:50:05.3122	2025-02-08 21:50:05.3122	8
305	Oliver Wyman	2025-02-08 21:50:05.317325	2025-02-08 21:50:05.317325	8
306	L.E.K. Consulting	2025-02-08 21:50:05.322416	2025-02-08 21:50:05.322416	8
307	Arthur D. Little	2025-02-08 21:50:05.327405	2025-02-08 21:50:05.327405	8
308	Deloitte Consulting	2025-02-08 21:50:05.332635	2025-02-08 21:50:05.332635	8
309	PwC Advisory	2025-02-08 21:50:05.339174	2025-02-08 21:50:05.339174	8
310	EY-Parthenon	2025-02-08 21:50:05.345615	2025-02-08 21:50:05.345615	8
311	KPMG Strategy	2025-02-08 21:50:05.350985	2025-02-08 21:50:05.350985	8
312	Grant Thornton Advisory	2025-02-08 21:50:05.356344	2025-02-08 21:50:05.356344	8
313	BDO Consulting	2025-02-08 21:50:05.361669	2025-02-08 21:50:05.361669	8
314	Cornerstone Research	2025-02-08 21:50:05.366868	2025-02-08 21:50:05.366868	8
315	NERA Economic Consulting	2025-02-08 21:50:05.371887	2025-02-08 21:50:05.371887	8
316	Compass Lexecon	2025-02-08 21:50:05.377041	2025-02-08 21:50:05.377041	8
317	Analysis Group	2025-02-08 21:50:05.382179	2025-02-08 21:50:05.382179	8
318	Brattle Group	2025-02-08 21:50:05.387233	2025-02-08 21:50:05.387233	8
319	FTI Consulting	2025-02-08 21:50:05.392421	2025-02-08 21:50:05.392421	8
320	AlixPartners	2025-02-08 21:50:05.398612	2025-02-08 21:50:05.398612	8
321	Booz Allen Hamilton	2025-02-08 21:50:05.404865	2025-02-08 21:50:05.404865	8
322	Zeb Consulting	2025-02-08 21:50:05.410188	2025-02-08 21:50:05.410188	8
323	Simon-Kucher & Partners	2025-02-08 21:50:05.415438	2025-02-08 21:50:05.415438	8
324	Keystone Strategy	2025-02-08 21:50:05.420791	2025-02-08 21:50:05.420791	8
325	Putnam Associates	2025-02-08 21:50:05.426019	2025-02-08 21:50:05.426019	8
326	Teneo	2025-02-08 21:50:05.431107	2025-02-08 21:50:05.431107	8
327	Mars & Co	2025-02-08 21:50:05.436223	2025-02-08 21:50:05.436223	8
328	OC&C Strategy Consultants	2025-02-08 21:50:05.441045	2025-02-08 21:50:05.441045	8
329	Leerink Partners	2025-02-10 03:16:36.086414	2025-02-10 03:16:36.086414	1
330	Centerview	2025-02-11 16:05:21.0946	2025-02-11 16:05:21.0946	1
331	Baird	2025-02-11 17:02:05.335846	2025-02-11 17:02:05.335846	1
\.


--
-- Data for Name: employee_views; Type: TABLE DATA; Schema: public; Owner: student
--

COPY public.employee_views (id, name, description, created_at, updated_at) FROM stdin;
2	Evercore	Comprehensive networking and interview recaps for Evercore investment bankers. Easily filter by group, seniority level, location, alma mater, and more.	2025-02-10 17:39:51.123229	2025-02-10 17:39:51.385283
1	Investment Banking	Comprehensive networking and interview recaps for investment bankers across all firms. Easily filter by bank, group, seniority level, location, alma mater, and more.	2025-02-10 17:39:15.10809	2025-02-10 17:39:59.975324
\.


--
-- Data for Name: employee_views_employees; Type: TABLE DATA; Schema: public; Owner: student
--

COPY public.employee_views_employees (id, employee_id, employee_view_id, created_at, updated_at) FROM stdin;
1	1	1	2025-02-10 17:44:02.381254	2025-02-10 17:44:02.381254
2	2	1	2025-02-10 17:44:02.381254	2025-02-10 17:44:02.381254
3	3	1	2025-02-10 17:44:02.381254	2025-02-10 17:44:02.381254
4	4	1	2025-02-10 17:44:02.381254	2025-02-10 17:44:02.381254
5	5	1	2025-02-10 17:44:02.381254	2025-02-10 17:44:02.381254
6	6	1	2025-02-10 17:44:02.381254	2025-02-10 17:44:02.381254
7	7	1	2025-02-10 17:44:02.381254	2025-02-10 17:44:02.381254
8	8	1	2025-02-10 17:44:02.381254	2025-02-10 17:44:02.381254
9	9	1	2025-02-10 17:44:02.381254	2025-02-10 17:44:02.381254
10	10	1	2025-02-10 17:44:02.381254	2025-02-10 17:44:02.381254
11	11	1	2025-02-10 17:44:02.381254	2025-02-10 17:44:02.381254
12	12	1	2025-02-10 17:44:02.381254	2025-02-10 17:44:02.381254
13	13	1	2025-02-10 17:44:02.381254	2025-02-10 17:44:02.381254
14	15	1	2025-02-10 17:44:02.381254	2025-02-10 17:44:02.381254
15	16	1	2025-02-10 17:44:02.381254	2025-02-10 17:44:02.381254
16	17	1	2025-02-10 17:44:02.381254	2025-02-10 17:44:02.381254
17	18	1	2025-02-10 17:44:02.381254	2025-02-10 17:44:02.381254
18	19	1	2025-02-10 17:44:02.381254	2025-02-10 17:44:02.381254
19	20	1	2025-02-10 17:44:02.381254	2025-02-10 17:44:02.381254
20	21	1	2025-02-10 17:44:02.381254	2025-02-10 17:44:02.381254
21	22	1	2025-02-10 17:44:02.381254	2025-02-10 17:44:02.381254
22	23	1	2025-02-10 17:44:02.381254	2025-02-10 17:44:02.381254
23	24	1	2025-02-10 17:44:02.381254	2025-02-10 17:44:02.381254
24	25	1	2025-02-10 17:44:02.381254	2025-02-10 17:44:02.381254
25	26	1	2025-02-10 17:44:02.381254	2025-02-10 17:44:02.381254
26	29	1	2025-02-10 17:44:02.381254	2025-02-10 17:44:02.381254
27	30	1	2025-02-10 17:44:02.381254	2025-02-10 17:44:02.381254
28	31	1	2025-02-10 17:44:02.381254	2025-02-10 17:44:02.381254
29	32	1	2025-02-10 17:44:02.381254	2025-02-10 17:44:02.381254
30	28	1	2025-02-10 17:44:02.381254	2025-02-10 17:44:02.381254
31	14	1	2025-02-10 17:44:02.381254	2025-02-10 17:44:02.381254
32	33	1	2025-02-10 17:44:02.381254	2025-02-10 17:44:02.381254
33	34	1	2025-02-10 17:44:02.381254	2025-02-10 17:44:02.381254
34	35	1	2025-02-10 17:44:02.381254	2025-02-10 17:44:02.381254
35	36	1	2025-02-10 17:44:02.381254	2025-02-10 17:44:02.381254
36	37	1	2025-02-10 17:44:02.381254	2025-02-10 17:44:02.381254
37	38	1	2025-02-10 17:44:02.381254	2025-02-10 17:44:02.381254
38	39	1	2025-02-10 17:44:02.381254	2025-02-10 17:44:02.381254
39	40	1	2025-02-10 17:44:02.381254	2025-02-10 17:44:02.381254
40	41	1	2025-02-10 17:44:02.381254	2025-02-10 17:44:02.381254
41	42	1	2025-02-10 17:44:02.381254	2025-02-10 17:44:02.381254
42	43	1	2025-02-10 17:44:02.381254	2025-02-10 17:44:02.381254
43	44	1	2025-02-10 17:44:02.381254	2025-02-10 17:44:02.381254
44	45	1	2025-02-10 17:44:02.381254	2025-02-10 17:44:02.381254
45	46	1	2025-02-10 17:44:02.381254	2025-02-10 17:44:02.381254
46	47	1	2025-02-10 17:44:02.381254	2025-02-10 17:44:02.381254
47	48	1	2025-02-10 17:44:02.381254	2025-02-10 17:44:02.381254
48	49	1	2025-02-10 17:44:02.381254	2025-02-10 17:44:02.381254
49	50	1	2025-02-10 17:44:02.381254	2025-02-10 17:44:02.381254
50	51	1	2025-02-10 17:44:02.381254	2025-02-10 17:44:02.381254
51	52	1	2025-02-10 17:44:02.381254	2025-02-10 17:44:02.381254
52	53	1	2025-02-10 17:44:02.381254	2025-02-10 17:44:02.381254
53	54	1	2025-02-10 17:44:02.381254	2025-02-10 17:44:02.381254
54	55	1	2025-02-10 17:44:02.381254	2025-02-10 17:44:02.381254
55	56	1	2025-02-10 17:44:02.381254	2025-02-10 17:44:02.381254
56	57	1	2025-02-10 17:44:02.381254	2025-02-10 17:44:02.381254
57	58	1	2025-02-10 17:44:02.381254	2025-02-10 17:44:02.381254
58	59	1	2025-02-10 17:44:02.381254	2025-02-10 17:44:02.381254
59	60	1	2025-02-10 17:44:02.381254	2025-02-10 17:44:02.381254
60	61	1	2025-02-10 17:44:02.381254	2025-02-10 17:44:02.381254
61	62	1	2025-02-10 17:44:02.381254	2025-02-10 17:44:02.381254
62	63	1	2025-02-10 17:44:02.381254	2025-02-10 17:44:02.381254
63	64	1	2025-02-10 17:44:02.381254	2025-02-10 17:44:02.381254
64	65	1	2025-02-10 17:44:02.381254	2025-02-10 17:44:02.381254
65	66	1	2025-02-10 17:44:02.381254	2025-02-10 17:44:02.381254
66	67	1	2025-02-10 17:44:02.381254	2025-02-10 17:44:02.381254
67	68	1	2025-02-10 17:44:02.381254	2025-02-10 17:44:02.381254
68	69	1	2025-02-10 17:44:02.381254	2025-02-10 17:44:02.381254
69	70	1	2025-02-10 17:44:02.381254	2025-02-10 17:44:02.381254
70	71	1	2025-02-10 17:44:02.381254	2025-02-10 17:44:02.381254
71	72	1	2025-02-10 17:44:02.381254	2025-02-10 17:44:02.381254
72	73	1	2025-02-10 17:44:02.381254	2025-02-10 17:44:02.381254
73	74	1	2025-02-10 17:44:02.381254	2025-02-10 17:44:02.381254
74	75	1	2025-02-10 17:44:02.381254	2025-02-10 17:44:02.381254
75	76	1	2025-02-10 17:44:02.381254	2025-02-10 17:44:02.381254
76	77	1	2025-02-10 17:44:02.381254	2025-02-10 17:44:02.381254
77	78	1	2025-02-10 17:44:02.381254	2025-02-10 17:44:02.381254
78	79	1	2025-02-10 17:44:02.381254	2025-02-10 17:44:02.381254
79	80	1	2025-02-10 17:44:02.381254	2025-02-10 17:44:02.381254
80	81	1	2025-02-10 17:44:02.381254	2025-02-10 17:44:02.381254
81	82	1	2025-02-10 17:44:02.381254	2025-02-10 17:44:02.381254
82	83	1	2025-02-10 17:44:02.381254	2025-02-10 17:44:02.381254
83	84	1	2025-02-10 17:44:02.381254	2025-02-10 17:44:02.381254
84	85	1	2025-02-10 17:44:02.381254	2025-02-10 17:44:02.381254
85	86	1	2025-02-10 17:44:02.381254	2025-02-10 17:44:02.381254
86	87	1	2025-02-10 17:44:02.381254	2025-02-10 17:44:02.381254
87	88	1	2025-02-10 17:44:02.381254	2025-02-10 17:44:02.381254
88	89	1	2025-02-10 17:44:02.381254	2025-02-10 17:44:02.381254
89	90	1	2025-02-10 17:44:02.381254	2025-02-10 17:44:02.381254
90	91	1	2025-02-10 17:44:02.381254	2025-02-10 17:44:02.381254
91	92	1	2025-02-10 17:44:02.381254	2025-02-10 17:44:02.381254
92	93	1	2025-02-10 17:44:02.381254	2025-02-10 17:44:02.381254
93	94	1	2025-02-10 17:44:02.381254	2025-02-10 17:44:02.381254
94	95	1	2025-02-10 17:44:02.381254	2025-02-10 17:44:02.381254
95	96	1	2025-02-10 17:44:02.381254	2025-02-10 17:44:02.381254
96	97	1	2025-02-10 17:44:02.381254	2025-02-10 17:44:02.381254
97	98	1	2025-02-10 17:44:02.381254	2025-02-10 17:44:02.381254
98	99	1	2025-02-10 17:44:02.381254	2025-02-10 17:44:02.381254
99	100	1	2025-02-10 17:44:02.381254	2025-02-10 17:44:02.381254
100	101	1	2025-02-10 17:44:02.381254	2025-02-10 17:44:02.381254
101	102	1	2025-02-10 17:44:02.381254	2025-02-10 17:44:02.381254
102	103	1	2025-02-10 17:44:02.381254	2025-02-10 17:44:02.381254
103	104	1	2025-02-10 17:44:02.381254	2025-02-10 17:44:02.381254
104	105	1	2025-02-10 17:44:02.381254	2025-02-10 17:44:02.381254
105	106	1	2025-02-10 17:44:02.381254	2025-02-10 17:44:02.381254
106	107	1	2025-02-10 17:44:02.381254	2025-02-10 17:44:02.381254
107	108	1	2025-02-10 17:44:02.381254	2025-02-10 17:44:02.381254
108	109	1	2025-02-10 17:44:02.381254	2025-02-10 17:44:02.381254
109	110	1	2025-02-10 17:44:02.381254	2025-02-10 17:44:02.381254
110	111	1	2025-02-10 17:44:02.381254	2025-02-10 17:44:02.381254
111	112	1	2025-02-10 17:44:02.381254	2025-02-10 17:44:02.381254
112	113	1	2025-02-10 17:44:02.381254	2025-02-10 17:44:02.381254
113	114	1	2025-02-10 17:44:02.381254	2025-02-10 17:44:02.381254
114	115	1	2025-02-10 17:44:02.381254	2025-02-10 17:44:02.381254
115	116	1	2025-02-10 17:44:02.381254	2025-02-10 17:44:02.381254
116	117	1	2025-02-10 17:44:02.381254	2025-02-10 17:44:02.381254
117	118	1	2025-02-10 17:44:02.381254	2025-02-10 17:44:02.381254
118	119	1	2025-02-10 17:44:02.381254	2025-02-10 17:44:02.381254
119	120	1	2025-02-10 17:44:02.381254	2025-02-10 17:44:02.381254
120	121	1	2025-02-10 17:44:02.381254	2025-02-10 17:44:02.381254
121	122	1	2025-02-10 17:44:02.381254	2025-02-10 17:44:02.381254
122	123	1	2025-02-10 17:44:02.381254	2025-02-10 17:44:02.381254
123	124	1	2025-02-10 17:44:02.381254	2025-02-10 17:44:02.381254
124	125	1	2025-02-10 17:44:02.381254	2025-02-10 17:44:02.381254
125	126	1	2025-02-10 17:44:02.381254	2025-02-10 17:44:02.381254
126	127	1	2025-02-10 17:44:02.381254	2025-02-10 17:44:02.381254
127	128	1	2025-02-10 17:44:02.381254	2025-02-10 17:44:02.381254
128	129	1	2025-02-10 17:44:02.381254	2025-02-10 17:44:02.381254
129	130	1	2025-02-10 17:44:02.381254	2025-02-10 17:44:02.381254
130	131	1	2025-02-10 17:44:02.381254	2025-02-10 17:44:02.381254
131	132	1	2025-02-10 17:44:02.381254	2025-02-10 17:44:02.381254
132	133	1	2025-02-10 17:44:02.381254	2025-02-10 17:44:02.381254
133	134	1	2025-02-10 17:44:02.381254	2025-02-10 17:44:02.381254
134	135	1	2025-02-10 17:44:02.381254	2025-02-10 17:44:02.381254
135	136	1	2025-02-10 17:44:02.381254	2025-02-10 17:44:02.381254
136	137	1	2025-02-10 17:44:02.381254	2025-02-10 17:44:02.381254
137	138	1	2025-02-10 17:44:02.381254	2025-02-10 17:44:02.381254
138	139	1	2025-02-10 17:44:02.381254	2025-02-10 17:44:02.381254
139	140	1	2025-02-10 17:44:02.381254	2025-02-10 17:44:02.381254
140	141	1	2025-02-10 17:44:02.381254	2025-02-10 17:44:02.381254
141	142	1	2025-02-10 17:44:02.381254	2025-02-10 17:44:02.381254
142	143	1	2025-02-10 17:44:02.381254	2025-02-10 17:44:02.381254
143	144	1	2025-02-10 17:44:02.381254	2025-02-10 17:44:02.381254
144	145	1	2025-02-10 17:44:02.381254	2025-02-10 17:44:02.381254
145	146	1	2025-02-10 17:44:02.381254	2025-02-10 17:44:02.381254
146	147	1	2025-02-10 17:44:02.381254	2025-02-10 17:44:02.381254
147	148	1	2025-02-10 17:44:02.381254	2025-02-10 17:44:02.381254
148	149	1	2025-02-10 17:44:02.381254	2025-02-10 17:44:02.381254
149	150	1	2025-02-10 17:44:02.381254	2025-02-10 17:44:02.381254
150	151	1	2025-02-10 17:44:02.381254	2025-02-10 17:44:02.381254
151	152	1	2025-02-10 17:44:02.381254	2025-02-10 17:44:02.381254
152	153	1	2025-02-10 17:44:02.381254	2025-02-10 17:44:02.381254
153	154	1	2025-02-10 17:44:02.381254	2025-02-10 17:44:02.381254
154	155	1	2025-02-10 17:44:02.381254	2025-02-10 17:44:02.381254
155	156	1	2025-02-10 17:44:02.381254	2025-02-10 17:44:02.381254
156	157	1	2025-02-10 17:44:02.381254	2025-02-10 17:44:02.381254
157	158	1	2025-02-10 17:44:02.381254	2025-02-10 17:44:02.381254
158	159	1	2025-02-10 17:44:02.381254	2025-02-10 17:44:02.381254
159	160	1	2025-02-10 17:44:02.381254	2025-02-10 17:44:02.381254
160	161	1	2025-02-10 17:44:02.381254	2025-02-10 17:44:02.381254
161	162	1	2025-02-10 17:44:02.381254	2025-02-10 17:44:02.381254
162	163	1	2025-02-10 17:44:02.381254	2025-02-10 17:44:02.381254
163	164	1	2025-02-10 17:44:02.381254	2025-02-10 17:44:02.381254
164	165	1	2025-02-10 17:44:02.381254	2025-02-10 17:44:02.381254
165	166	1	2025-02-10 17:44:02.381254	2025-02-10 17:44:02.381254
166	167	1	2025-02-10 17:44:02.381254	2025-02-10 17:44:02.381254
167	169	1	2025-02-10 17:44:02.381254	2025-02-10 17:44:02.381254
168	168	1	2025-02-10 17:44:02.381254	2025-02-10 17:44:02.381254
169	170	1	2025-02-10 17:44:02.381254	2025-02-10 17:44:02.381254
170	171	1	2025-02-10 17:44:02.381254	2025-02-10 17:44:02.381254
171	172	1	2025-02-10 17:44:02.381254	2025-02-10 17:44:02.381254
172	173	1	2025-02-10 17:44:02.381254	2025-02-10 17:44:02.381254
173	174	1	2025-02-10 17:44:02.381254	2025-02-10 17:44:02.381254
174	175	1	2025-02-10 17:44:02.381254	2025-02-10 17:44:02.381254
175	176	1	2025-02-10 17:44:02.381254	2025-02-10 17:44:02.381254
176	177	1	2025-02-10 17:44:02.381254	2025-02-10 17:44:02.381254
177	178	1	2025-02-10 17:44:02.381254	2025-02-10 17:44:02.381254
178	179	1	2025-02-10 17:44:02.381254	2025-02-10 17:44:02.381254
179	180	1	2025-02-10 17:44:02.381254	2025-02-10 17:44:02.381254
180	181	1	2025-02-10 17:44:02.381254	2025-02-10 17:44:02.381254
181	182	1	2025-02-10 17:44:02.381254	2025-02-10 17:44:02.381254
182	183	1	2025-02-10 17:44:02.381254	2025-02-10 17:44:02.381254
183	184	1	2025-02-10 17:44:02.381254	2025-02-10 17:44:02.381254
184	185	1	2025-02-10 17:44:02.381254	2025-02-10 17:44:02.381254
185	186	1	2025-02-10 17:44:02.381254	2025-02-10 17:44:02.381254
186	187	1	2025-02-10 17:44:02.381254	2025-02-10 17:44:02.381254
187	188	1	2025-02-10 17:44:02.381254	2025-02-10 17:44:02.381254
188	189	1	2025-02-10 17:44:02.381254	2025-02-10 17:44:02.381254
189	190	1	2025-02-10 17:44:02.381254	2025-02-10 17:44:02.381254
190	191	1	2025-02-10 17:44:02.381254	2025-02-10 17:44:02.381254
191	192	1	2025-02-10 17:44:02.381254	2025-02-10 17:44:02.381254
192	193	1	2025-02-10 17:44:02.381254	2025-02-10 17:44:02.381254
193	194	1	2025-02-10 17:44:02.381254	2025-02-10 17:44:02.381254
194	195	1	2025-02-10 17:44:02.381254	2025-02-10 17:44:02.381254
195	196	1	2025-02-10 17:44:02.381254	2025-02-10 17:44:02.381254
196	197	1	2025-02-10 17:44:02.381254	2025-02-10 17:44:02.381254
197	198	1	2025-02-10 17:44:02.381254	2025-02-10 17:44:02.381254
198	199	1	2025-02-10 17:44:02.381254	2025-02-10 17:44:02.381254
199	200	1	2025-02-10 17:44:02.381254	2025-02-10 17:44:02.381254
200	201	1	2025-02-10 17:44:02.381254	2025-02-10 17:44:02.381254
201	202	1	2025-02-10 17:44:02.381254	2025-02-10 17:44:02.381254
202	203	1	2025-02-10 17:44:02.381254	2025-02-10 17:44:02.381254
203	204	1	2025-02-10 17:44:02.381254	2025-02-10 17:44:02.381254
204	205	1	2025-02-10 17:44:02.381254	2025-02-10 17:44:02.381254
205	206	1	2025-02-10 17:44:02.381254	2025-02-10 17:44:02.381254
206	207	1	2025-02-10 17:44:02.381254	2025-02-10 17:44:02.381254
207	208	1	2025-02-10 17:44:02.381254	2025-02-10 17:44:02.381254
208	209	1	2025-02-10 17:44:02.381254	2025-02-10 17:44:02.381254
209	210	1	2025-02-10 17:44:02.381254	2025-02-10 17:44:02.381254
210	211	1	2025-02-10 17:44:02.381254	2025-02-10 17:44:02.381254
211	212	1	2025-02-10 17:44:02.381254	2025-02-10 17:44:02.381254
212	213	1	2025-02-10 17:44:02.381254	2025-02-10 17:44:02.381254
213	214	1	2025-02-10 17:44:02.381254	2025-02-10 17:44:02.381254
214	215	1	2025-02-10 17:44:02.381254	2025-02-10 17:44:02.381254
215	216	1	2025-02-10 17:44:02.381254	2025-02-10 17:44:02.381254
216	217	1	2025-02-10 17:44:02.381254	2025-02-10 17:44:02.381254
217	218	1	2025-02-10 17:44:02.381254	2025-02-10 17:44:02.381254
218	219	1	2025-02-10 17:44:02.381254	2025-02-10 17:44:02.381254
219	220	1	2025-02-10 17:44:02.381254	2025-02-10 17:44:02.381254
220	221	1	2025-02-10 17:44:02.381254	2025-02-10 17:44:02.381254
221	222	1	2025-02-10 17:44:02.381254	2025-02-10 17:44:02.381254
222	223	1	2025-02-10 17:44:02.381254	2025-02-10 17:44:02.381254
223	224	1	2025-02-10 17:44:02.381254	2025-02-10 17:44:02.381254
224	225	1	2025-02-10 17:44:02.381254	2025-02-10 17:44:02.381254
225	226	1	2025-02-10 17:44:02.381254	2025-02-10 17:44:02.381254
226	227	1	2025-02-10 17:44:02.381254	2025-02-10 17:44:02.381254
227	228	1	2025-02-10 17:44:02.381254	2025-02-10 17:44:02.381254
228	229	1	2025-02-10 17:44:02.381254	2025-02-10 17:44:02.381254
229	230	1	2025-02-10 17:44:02.381254	2025-02-10 17:44:02.381254
230	231	1	2025-02-10 17:44:02.381254	2025-02-10 17:44:02.381254
231	232	1	2025-02-10 17:44:02.381254	2025-02-10 17:44:02.381254
232	233	1	2025-02-10 17:44:02.381254	2025-02-10 17:44:02.381254
233	234	1	2025-02-10 17:44:02.381254	2025-02-10 17:44:02.381254
234	235	1	2025-02-10 17:44:02.381254	2025-02-10 17:44:02.381254
235	236	1	2025-02-10 17:44:02.381254	2025-02-10 17:44:02.381254
236	237	1	2025-02-10 17:44:02.381254	2025-02-10 17:44:02.381254
237	238	1	2025-02-10 17:44:02.381254	2025-02-10 17:44:02.381254
238	239	1	2025-02-10 17:44:02.381254	2025-02-10 17:44:02.381254
239	240	1	2025-02-10 17:44:02.381254	2025-02-10 17:44:02.381254
240	241	1	2025-02-10 17:44:02.381254	2025-02-10 17:44:02.381254
241	242	1	2025-02-10 17:44:02.381254	2025-02-10 17:44:02.381254
242	243	1	2025-02-10 17:44:02.381254	2025-02-10 17:44:02.381254
243	244	1	2025-02-10 17:44:02.381254	2025-02-10 17:44:02.381254
244	245	1	2025-02-10 17:44:02.381254	2025-02-10 17:44:02.381254
245	246	1	2025-02-10 17:44:02.381254	2025-02-10 17:44:02.381254
246	247	1	2025-02-10 17:44:02.381254	2025-02-10 17:44:02.381254
247	248	1	2025-02-10 17:44:02.381254	2025-02-10 17:44:02.381254
248	249	1	2025-02-10 17:44:02.381254	2025-02-10 17:44:02.381254
249	250	1	2025-02-10 17:44:02.381254	2025-02-10 17:44:02.381254
250	252	1	2025-02-10 17:44:02.381254	2025-02-10 17:44:02.381254
251	253	1	2025-02-10 17:44:02.381254	2025-02-10 17:44:02.381254
252	254	1	2025-02-10 17:44:02.381254	2025-02-10 17:44:02.381254
253	255	1	2025-02-10 17:44:02.381254	2025-02-10 17:44:02.381254
254	256	1	2025-02-10 17:44:02.381254	2025-02-10 17:44:02.381254
255	257	1	2025-02-10 17:44:02.381254	2025-02-10 17:44:02.381254
256	258	1	2025-02-10 17:44:02.381254	2025-02-10 17:44:02.381254
257	259	1	2025-02-10 17:44:02.381254	2025-02-10 17:44:02.381254
258	260	1	2025-02-10 17:44:02.381254	2025-02-10 17:44:02.381254
259	261	1	2025-02-10 17:44:02.381254	2025-02-10 17:44:02.381254
260	262	1	2025-02-10 17:44:02.381254	2025-02-10 17:44:02.381254
261	263	1	2025-02-10 17:44:02.381254	2025-02-10 17:44:02.381254
262	264	1	2025-02-10 17:44:02.381254	2025-02-10 17:44:02.381254
263	265	1	2025-02-10 17:44:02.381254	2025-02-10 17:44:02.381254
264	266	1	2025-02-10 17:44:02.381254	2025-02-10 17:44:02.381254
265	267	1	2025-02-10 17:44:02.381254	2025-02-10 17:44:02.381254
266	268	1	2025-02-10 17:44:02.381254	2025-02-10 17:44:02.381254
267	269	1	2025-02-10 17:44:02.381254	2025-02-10 17:44:02.381254
268	270	1	2025-02-10 17:44:02.381254	2025-02-10 17:44:02.381254
269	271	1	2025-02-10 17:44:02.381254	2025-02-10 17:44:02.381254
270	272	1	2025-02-10 17:44:02.381254	2025-02-10 17:44:02.381254
271	273	1	2025-02-10 17:44:02.381254	2025-02-10 17:44:02.381254
272	274	1	2025-02-10 17:44:02.381254	2025-02-10 17:44:02.381254
273	275	1	2025-02-10 17:44:02.381254	2025-02-10 17:44:02.381254
274	276	1	2025-02-10 17:44:02.381254	2025-02-10 17:44:02.381254
275	277	1	2025-02-10 17:44:02.381254	2025-02-10 17:44:02.381254
276	27	1	2025-02-10 17:46:09.56171	2025-02-10 17:46:09.56171
277	1	2	2025-02-10 19:38:31.248788	2025-02-10 19:38:31.248788
278	2	2	2025-02-10 19:38:31.248788	2025-02-10 19:38:31.248788
279	3	2	2025-02-10 19:38:31.248788	2025-02-10 19:38:31.248788
280	4	2	2025-02-10 19:38:31.248788	2025-02-10 19:38:31.248788
281	5	2	2025-02-10 19:38:31.248788	2025-02-10 19:38:31.248788
282	6	2	2025-02-10 19:38:31.248788	2025-02-10 19:38:31.248788
283	7	2	2025-02-10 19:38:31.248788	2025-02-10 19:38:31.248788
284	8	2	2025-02-10 19:38:31.248788	2025-02-10 19:38:31.248788
285	9	2	2025-02-10 19:38:31.248788	2025-02-10 19:38:31.248788
286	10	2	2025-02-10 19:38:31.248788	2025-02-10 19:38:31.248788
287	11	2	2025-02-10 19:38:31.248788	2025-02-10 19:38:31.248788
288	12	2	2025-02-10 19:38:31.248788	2025-02-10 19:38:31.248788
289	13	2	2025-02-10 19:38:31.248788	2025-02-10 19:38:31.248788
290	15	2	2025-02-10 19:38:31.248788	2025-02-10 19:38:31.248788
291	16	2	2025-02-10 19:38:31.248788	2025-02-10 19:38:31.248788
292	17	2	2025-02-10 19:38:31.248788	2025-02-10 19:38:31.248788
293	18	2	2025-02-10 19:38:31.248788	2025-02-10 19:38:31.248788
294	19	2	2025-02-10 19:38:31.248788	2025-02-10 19:38:31.248788
295	20	2	2025-02-10 19:38:31.248788	2025-02-10 19:38:31.248788
296	21	2	2025-02-10 19:38:31.248788	2025-02-10 19:38:31.248788
297	22	2	2025-02-10 19:38:31.248788	2025-02-10 19:38:31.248788
298	23	2	2025-02-10 19:38:31.248788	2025-02-10 19:38:31.248788
299	24	2	2025-02-10 19:38:31.248788	2025-02-10 19:38:31.248788
300	25	2	2025-02-10 19:38:31.248788	2025-02-10 19:38:31.248788
301	26	2	2025-02-10 19:38:31.248788	2025-02-10 19:38:31.248788
302	29	2	2025-02-10 19:38:31.248788	2025-02-10 19:38:31.248788
303	30	2	2025-02-10 19:38:31.248788	2025-02-10 19:38:31.248788
304	31	2	2025-02-10 19:38:31.248788	2025-02-10 19:38:31.248788
305	32	2	2025-02-10 19:38:31.248788	2025-02-10 19:38:31.248788
306	28	2	2025-02-10 19:38:31.248788	2025-02-10 19:38:31.248788
307	14	2	2025-02-10 19:38:31.248788	2025-02-10 19:38:31.248788
308	33	2	2025-02-10 19:38:31.248788	2025-02-10 19:38:31.248788
309	34	2	2025-02-10 19:38:31.248788	2025-02-10 19:38:31.248788
310	35	2	2025-02-10 19:38:31.248788	2025-02-10 19:38:31.248788
311	36	2	2025-02-10 19:38:31.248788	2025-02-10 19:38:31.248788
312	37	2	2025-02-10 19:38:31.248788	2025-02-10 19:38:31.248788
313	38	2	2025-02-10 19:38:31.248788	2025-02-10 19:38:31.248788
314	39	2	2025-02-10 19:38:31.248788	2025-02-10 19:38:31.248788
315	40	2	2025-02-10 19:38:31.248788	2025-02-10 19:38:31.248788
316	41	2	2025-02-10 19:38:31.248788	2025-02-10 19:38:31.248788
317	42	2	2025-02-10 19:38:31.248788	2025-02-10 19:38:31.248788
318	43	2	2025-02-10 19:38:31.248788	2025-02-10 19:38:31.248788
319	44	2	2025-02-10 19:38:31.248788	2025-02-10 19:38:31.248788
320	45	2	2025-02-10 19:38:31.248788	2025-02-10 19:38:31.248788
321	46	2	2025-02-10 19:38:31.248788	2025-02-10 19:38:31.248788
322	47	2	2025-02-10 19:38:31.248788	2025-02-10 19:38:31.248788
323	48	2	2025-02-10 19:38:31.248788	2025-02-10 19:38:31.248788
324	49	2	2025-02-10 19:38:31.248788	2025-02-10 19:38:31.248788
325	50	2	2025-02-10 19:38:31.248788	2025-02-10 19:38:31.248788
326	51	2	2025-02-10 19:38:31.248788	2025-02-10 19:38:31.248788
327	52	2	2025-02-10 19:38:31.248788	2025-02-10 19:38:31.248788
328	53	2	2025-02-10 19:38:31.248788	2025-02-10 19:38:31.248788
329	55	2	2025-02-10 19:38:31.248788	2025-02-10 19:38:31.248788
330	56	2	2025-02-10 19:38:31.248788	2025-02-10 19:38:31.248788
331	57	2	2025-02-10 19:38:31.248788	2025-02-10 19:38:31.248788
332	58	2	2025-02-10 19:38:31.248788	2025-02-10 19:38:31.248788
333	59	2	2025-02-10 19:38:31.248788	2025-02-10 19:38:31.248788
334	60	2	2025-02-10 19:38:31.248788	2025-02-10 19:38:31.248788
335	61	2	2025-02-10 19:38:31.248788	2025-02-10 19:38:31.248788
336	62	2	2025-02-10 19:38:31.248788	2025-02-10 19:38:31.248788
337	63	2	2025-02-10 19:38:31.248788	2025-02-10 19:38:31.248788
338	64	2	2025-02-10 19:38:31.248788	2025-02-10 19:38:31.248788
339	65	2	2025-02-10 19:38:31.248788	2025-02-10 19:38:31.248788
340	66	2	2025-02-10 19:38:31.248788	2025-02-10 19:38:31.248788
341	67	2	2025-02-10 19:38:31.248788	2025-02-10 19:38:31.248788
342	68	2	2025-02-10 19:38:31.248788	2025-02-10 19:38:31.248788
343	69	2	2025-02-10 19:38:31.248788	2025-02-10 19:38:31.248788
344	70	2	2025-02-10 19:38:31.248788	2025-02-10 19:38:31.248788
345	71	2	2025-02-10 19:38:31.248788	2025-02-10 19:38:31.248788
346	72	2	2025-02-10 19:38:31.248788	2025-02-10 19:38:31.248788
347	73	2	2025-02-10 19:38:31.248788	2025-02-10 19:38:31.248788
348	74	2	2025-02-10 19:38:31.248788	2025-02-10 19:38:31.248788
349	75	2	2025-02-10 19:38:31.248788	2025-02-10 19:38:31.248788
350	76	2	2025-02-10 19:38:31.248788	2025-02-10 19:38:31.248788
351	77	2	2025-02-10 19:38:31.248788	2025-02-10 19:38:31.248788
352	78	2	2025-02-10 19:38:31.248788	2025-02-10 19:38:31.248788
353	79	2	2025-02-10 19:38:31.248788	2025-02-10 19:38:31.248788
354	80	2	2025-02-10 19:38:31.248788	2025-02-10 19:38:31.248788
355	81	2	2025-02-10 19:38:31.248788	2025-02-10 19:38:31.248788
356	82	2	2025-02-10 19:38:31.248788	2025-02-10 19:38:31.248788
357	83	2	2025-02-10 19:38:31.248788	2025-02-10 19:38:31.248788
358	84	2	2025-02-10 19:38:31.248788	2025-02-10 19:38:31.248788
359	85	2	2025-02-10 19:38:31.248788	2025-02-10 19:38:31.248788
360	86	2	2025-02-10 19:38:31.248788	2025-02-10 19:38:31.248788
361	87	2	2025-02-10 19:38:31.248788	2025-02-10 19:38:31.248788
362	88	2	2025-02-10 19:38:31.248788	2025-02-10 19:38:31.248788
363	89	2	2025-02-10 19:38:31.248788	2025-02-10 19:38:31.248788
364	90	2	2025-02-10 19:38:31.248788	2025-02-10 19:38:31.248788
365	91	2	2025-02-10 19:38:31.248788	2025-02-10 19:38:31.248788
366	92	2	2025-02-10 19:38:31.248788	2025-02-10 19:38:31.248788
367	93	2	2025-02-10 19:38:31.248788	2025-02-10 19:38:31.248788
368	94	2	2025-02-10 19:38:31.248788	2025-02-10 19:38:31.248788
369	96	2	2025-02-10 19:38:31.248788	2025-02-10 19:38:31.248788
370	97	2	2025-02-10 19:38:31.248788	2025-02-10 19:38:31.248788
371	98	2	2025-02-10 19:38:31.248788	2025-02-10 19:38:31.248788
372	99	2	2025-02-10 19:38:31.248788	2025-02-10 19:38:31.248788
373	100	2	2025-02-10 19:38:31.248788	2025-02-10 19:38:31.248788
374	101	2	2025-02-10 19:38:31.248788	2025-02-10 19:38:31.248788
375	102	2	2025-02-10 19:38:31.248788	2025-02-10 19:38:31.248788
376	103	2	2025-02-10 19:38:31.248788	2025-02-10 19:38:31.248788
377	104	2	2025-02-10 19:38:31.248788	2025-02-10 19:38:31.248788
378	105	2	2025-02-10 19:38:31.248788	2025-02-10 19:38:31.248788
379	106	2	2025-02-10 19:38:31.248788	2025-02-10 19:38:31.248788
380	107	2	2025-02-10 19:38:31.248788	2025-02-10 19:38:31.248788
381	108	2	2025-02-10 19:38:31.248788	2025-02-10 19:38:31.248788
382	109	2	2025-02-10 19:38:31.248788	2025-02-10 19:38:31.248788
383	110	2	2025-02-10 19:38:31.248788	2025-02-10 19:38:31.248788
384	111	2	2025-02-10 19:38:31.248788	2025-02-10 19:38:31.248788
385	112	2	2025-02-10 19:38:31.248788	2025-02-10 19:38:31.248788
386	113	2	2025-02-10 19:38:31.248788	2025-02-10 19:38:31.248788
387	114	2	2025-02-10 19:38:31.248788	2025-02-10 19:38:31.248788
388	115	2	2025-02-10 19:38:31.248788	2025-02-10 19:38:31.248788
389	116	2	2025-02-10 19:38:31.248788	2025-02-10 19:38:31.248788
390	117	2	2025-02-10 19:38:31.248788	2025-02-10 19:38:31.248788
391	118	2	2025-02-10 19:38:31.248788	2025-02-10 19:38:31.248788
392	119	2	2025-02-10 19:38:31.248788	2025-02-10 19:38:31.248788
393	120	2	2025-02-10 19:38:31.248788	2025-02-10 19:38:31.248788
394	121	2	2025-02-10 19:38:31.248788	2025-02-10 19:38:31.248788
395	122	2	2025-02-10 19:38:31.248788	2025-02-10 19:38:31.248788
396	123	2	2025-02-10 19:38:31.248788	2025-02-10 19:38:31.248788
397	124	2	2025-02-10 19:38:31.248788	2025-02-10 19:38:31.248788
398	125	2	2025-02-10 19:38:31.248788	2025-02-10 19:38:31.248788
399	126	2	2025-02-10 19:38:31.248788	2025-02-10 19:38:31.248788
400	127	2	2025-02-10 19:38:31.248788	2025-02-10 19:38:31.248788
401	128	2	2025-02-10 19:38:31.248788	2025-02-10 19:38:31.248788
402	129	2	2025-02-10 19:38:31.248788	2025-02-10 19:38:31.248788
403	130	2	2025-02-10 19:38:31.248788	2025-02-10 19:38:31.248788
404	131	2	2025-02-10 19:38:31.248788	2025-02-10 19:38:31.248788
405	132	2	2025-02-10 19:38:31.248788	2025-02-10 19:38:31.248788
406	133	2	2025-02-10 19:38:31.248788	2025-02-10 19:38:31.248788
407	134	2	2025-02-10 19:38:31.248788	2025-02-10 19:38:31.248788
408	135	2	2025-02-10 19:38:31.248788	2025-02-10 19:38:31.248788
409	136	2	2025-02-10 19:38:31.248788	2025-02-10 19:38:31.248788
410	137	2	2025-02-10 19:38:31.248788	2025-02-10 19:38:31.248788
411	138	2	2025-02-10 19:38:31.248788	2025-02-10 19:38:31.248788
412	139	2	2025-02-10 19:38:31.248788	2025-02-10 19:38:31.248788
413	140	2	2025-02-10 19:38:31.248788	2025-02-10 19:38:31.248788
414	141	2	2025-02-10 19:38:31.248788	2025-02-10 19:38:31.248788
415	142	2	2025-02-10 19:38:31.248788	2025-02-10 19:38:31.248788
416	143	2	2025-02-10 19:38:31.248788	2025-02-10 19:38:31.248788
417	144	2	2025-02-10 19:38:31.248788	2025-02-10 19:38:31.248788
418	145	2	2025-02-10 19:38:31.248788	2025-02-10 19:38:31.248788
419	146	2	2025-02-10 19:38:31.248788	2025-02-10 19:38:31.248788
420	147	2	2025-02-10 19:38:31.248788	2025-02-10 19:38:31.248788
421	148	2	2025-02-10 19:38:31.248788	2025-02-10 19:38:31.248788
422	149	2	2025-02-10 19:38:31.248788	2025-02-10 19:38:31.248788
423	150	2	2025-02-10 19:38:31.248788	2025-02-10 19:38:31.248788
424	151	2	2025-02-10 19:38:31.248788	2025-02-10 19:38:31.248788
425	152	2	2025-02-10 19:38:31.248788	2025-02-10 19:38:31.248788
426	153	2	2025-02-10 19:38:31.248788	2025-02-10 19:38:31.248788
427	154	2	2025-02-10 19:38:31.248788	2025-02-10 19:38:31.248788
428	155	2	2025-02-10 19:38:31.248788	2025-02-10 19:38:31.248788
429	156	2	2025-02-10 19:38:31.248788	2025-02-10 19:38:31.248788
430	157	2	2025-02-10 19:38:31.248788	2025-02-10 19:38:31.248788
431	158	2	2025-02-10 19:38:31.248788	2025-02-10 19:38:31.248788
432	159	2	2025-02-10 19:38:31.248788	2025-02-10 19:38:31.248788
433	160	2	2025-02-10 19:38:31.248788	2025-02-10 19:38:31.248788
434	161	2	2025-02-10 19:38:31.248788	2025-02-10 19:38:31.248788
435	162	2	2025-02-10 19:38:31.248788	2025-02-10 19:38:31.248788
436	163	2	2025-02-10 19:38:31.248788	2025-02-10 19:38:31.248788
437	164	2	2025-02-10 19:38:31.248788	2025-02-10 19:38:31.248788
438	165	2	2025-02-10 19:38:31.248788	2025-02-10 19:38:31.248788
439	166	2	2025-02-10 19:38:31.248788	2025-02-10 19:38:31.248788
440	167	2	2025-02-10 19:38:31.248788	2025-02-10 19:38:31.248788
441	169	2	2025-02-10 19:38:31.248788	2025-02-10 19:38:31.248788
442	168	2	2025-02-10 19:38:31.248788	2025-02-10 19:38:31.248788
443	170	2	2025-02-10 19:38:31.248788	2025-02-10 19:38:31.248788
444	171	2	2025-02-10 19:38:31.248788	2025-02-10 19:38:31.248788
445	172	2	2025-02-10 19:38:31.248788	2025-02-10 19:38:31.248788
446	173	2	2025-02-10 19:38:31.248788	2025-02-10 19:38:31.248788
447	174	2	2025-02-10 19:38:31.248788	2025-02-10 19:38:31.248788
448	175	2	2025-02-10 19:38:31.248788	2025-02-10 19:38:31.248788
449	176	2	2025-02-10 19:38:31.248788	2025-02-10 19:38:31.248788
450	177	2	2025-02-10 19:38:31.248788	2025-02-10 19:38:31.248788
451	178	2	2025-02-10 19:38:31.248788	2025-02-10 19:38:31.248788
452	179	2	2025-02-10 19:38:31.248788	2025-02-10 19:38:31.248788
453	180	2	2025-02-10 19:38:31.248788	2025-02-10 19:38:31.248788
454	181	2	2025-02-10 19:38:31.248788	2025-02-10 19:38:31.248788
455	182	2	2025-02-10 19:38:31.248788	2025-02-10 19:38:31.248788
456	183	2	2025-02-10 19:38:31.248788	2025-02-10 19:38:31.248788
457	184	2	2025-02-10 19:38:31.248788	2025-02-10 19:38:31.248788
458	185	2	2025-02-10 19:38:31.248788	2025-02-10 19:38:31.248788
459	186	2	2025-02-10 19:38:31.248788	2025-02-10 19:38:31.248788
460	187	2	2025-02-10 19:38:31.248788	2025-02-10 19:38:31.248788
461	188	2	2025-02-10 19:38:31.248788	2025-02-10 19:38:31.248788
462	189	2	2025-02-10 19:38:31.248788	2025-02-10 19:38:31.248788
463	190	2	2025-02-10 19:38:31.248788	2025-02-10 19:38:31.248788
464	191	2	2025-02-10 19:38:31.248788	2025-02-10 19:38:31.248788
465	192	2	2025-02-10 19:38:31.248788	2025-02-10 19:38:31.248788
466	193	2	2025-02-10 19:38:31.248788	2025-02-10 19:38:31.248788
467	194	2	2025-02-10 19:38:31.248788	2025-02-10 19:38:31.248788
468	195	2	2025-02-10 19:38:31.248788	2025-02-10 19:38:31.248788
469	196	2	2025-02-10 19:38:31.248788	2025-02-10 19:38:31.248788
470	197	2	2025-02-10 19:38:31.248788	2025-02-10 19:38:31.248788
471	198	2	2025-02-10 19:38:31.248788	2025-02-10 19:38:31.248788
472	199	2	2025-02-10 19:38:31.248788	2025-02-10 19:38:31.248788
473	200	2	2025-02-10 19:38:31.248788	2025-02-10 19:38:31.248788
474	201	2	2025-02-10 19:38:31.248788	2025-02-10 19:38:31.248788
475	202	2	2025-02-10 19:38:31.248788	2025-02-10 19:38:31.248788
476	203	2	2025-02-10 19:38:31.248788	2025-02-10 19:38:31.248788
477	204	2	2025-02-10 19:38:31.248788	2025-02-10 19:38:31.248788
478	205	2	2025-02-10 19:38:31.248788	2025-02-10 19:38:31.248788
479	206	2	2025-02-10 19:38:31.248788	2025-02-10 19:38:31.248788
480	207	2	2025-02-10 19:38:31.248788	2025-02-10 19:38:31.248788
481	208	2	2025-02-10 19:38:31.248788	2025-02-10 19:38:31.248788
482	209	2	2025-02-10 19:38:31.248788	2025-02-10 19:38:31.248788
483	210	2	2025-02-10 19:38:31.248788	2025-02-10 19:38:31.248788
484	211	2	2025-02-10 19:38:31.248788	2025-02-10 19:38:31.248788
485	213	2	2025-02-10 19:38:31.248788	2025-02-10 19:38:31.248788
486	214	2	2025-02-10 19:38:31.248788	2025-02-10 19:38:31.248788
487	215	2	2025-02-10 19:38:31.248788	2025-02-10 19:38:31.248788
488	216	2	2025-02-10 19:38:31.248788	2025-02-10 19:38:31.248788
489	217	2	2025-02-10 19:38:31.248788	2025-02-10 19:38:31.248788
490	218	2	2025-02-10 19:38:31.248788	2025-02-10 19:38:31.248788
491	219	2	2025-02-10 19:38:31.248788	2025-02-10 19:38:31.248788
492	220	2	2025-02-10 19:38:31.248788	2025-02-10 19:38:31.248788
493	221	2	2025-02-10 19:38:31.248788	2025-02-10 19:38:31.248788
494	222	2	2025-02-10 19:38:31.248788	2025-02-10 19:38:31.248788
495	223	2	2025-02-10 19:38:31.248788	2025-02-10 19:38:31.248788
496	224	2	2025-02-10 19:38:31.248788	2025-02-10 19:38:31.248788
497	225	2	2025-02-10 19:38:31.248788	2025-02-10 19:38:31.248788
498	226	2	2025-02-10 19:38:31.248788	2025-02-10 19:38:31.248788
499	227	2	2025-02-10 19:38:31.248788	2025-02-10 19:38:31.248788
500	228	2	2025-02-10 19:38:31.248788	2025-02-10 19:38:31.248788
501	229	2	2025-02-10 19:38:31.248788	2025-02-10 19:38:31.248788
502	230	2	2025-02-10 19:38:31.248788	2025-02-10 19:38:31.248788
503	231	2	2025-02-10 19:38:31.248788	2025-02-10 19:38:31.248788
504	232	2	2025-02-10 19:38:31.248788	2025-02-10 19:38:31.248788
505	233	2	2025-02-10 19:38:31.248788	2025-02-10 19:38:31.248788
506	234	2	2025-02-10 19:38:31.248788	2025-02-10 19:38:31.248788
507	235	2	2025-02-10 19:38:31.248788	2025-02-10 19:38:31.248788
508	236	2	2025-02-10 19:38:31.248788	2025-02-10 19:38:31.248788
509	237	2	2025-02-10 19:38:31.248788	2025-02-10 19:38:31.248788
510	238	2	2025-02-10 19:38:31.248788	2025-02-10 19:38:31.248788
511	239	2	2025-02-10 19:38:31.248788	2025-02-10 19:38:31.248788
512	240	2	2025-02-10 19:38:31.248788	2025-02-10 19:38:31.248788
513	241	2	2025-02-10 19:38:31.248788	2025-02-10 19:38:31.248788
514	242	2	2025-02-10 19:38:31.248788	2025-02-10 19:38:31.248788
515	243	2	2025-02-10 19:38:31.248788	2025-02-10 19:38:31.248788
516	244	2	2025-02-10 19:38:31.248788	2025-02-10 19:38:31.248788
517	245	2	2025-02-10 19:38:31.248788	2025-02-10 19:38:31.248788
518	246	2	2025-02-10 19:38:31.248788	2025-02-10 19:38:31.248788
519	247	2	2025-02-10 19:38:31.248788	2025-02-10 19:38:31.248788
520	248	2	2025-02-10 19:38:31.248788	2025-02-10 19:38:31.248788
521	249	2	2025-02-10 19:38:31.248788	2025-02-10 19:38:31.248788
522	250	2	2025-02-10 19:38:31.248788	2025-02-10 19:38:31.248788
523	252	2	2025-02-10 19:38:31.248788	2025-02-10 19:38:31.248788
524	253	2	2025-02-10 19:38:31.248788	2025-02-10 19:38:31.248788
525	254	2	2025-02-10 19:38:31.248788	2025-02-10 19:38:31.248788
526	255	2	2025-02-10 19:38:31.248788	2025-02-10 19:38:31.248788
527	256	2	2025-02-10 19:38:31.248788	2025-02-10 19:38:31.248788
528	257	2	2025-02-10 19:38:31.248788	2025-02-10 19:38:31.248788
529	258	2	2025-02-10 19:38:31.248788	2025-02-10 19:38:31.248788
530	259	2	2025-02-10 19:38:31.248788	2025-02-10 19:38:31.248788
531	260	2	2025-02-10 19:38:31.248788	2025-02-10 19:38:31.248788
532	261	2	2025-02-10 19:38:31.248788	2025-02-10 19:38:31.248788
533	262	2	2025-02-10 19:38:31.248788	2025-02-10 19:38:31.248788
534	263	2	2025-02-10 19:38:31.248788	2025-02-10 19:38:31.248788
535	264	2	2025-02-10 19:38:31.248788	2025-02-10 19:38:31.248788
536	265	2	2025-02-10 19:38:31.248788	2025-02-10 19:38:31.248788
537	266	2	2025-02-10 19:38:31.248788	2025-02-10 19:38:31.248788
538	267	2	2025-02-10 19:38:31.248788	2025-02-10 19:38:31.248788
539	268	2	2025-02-10 19:38:31.248788	2025-02-10 19:38:31.248788
540	269	2	2025-02-10 19:38:31.248788	2025-02-10 19:38:31.248788
541	270	2	2025-02-10 19:38:31.248788	2025-02-10 19:38:31.248788
542	271	2	2025-02-10 19:38:31.248788	2025-02-10 19:38:31.248788
543	272	2	2025-02-10 19:38:31.248788	2025-02-10 19:38:31.248788
544	273	2	2025-02-10 19:38:31.248788	2025-02-10 19:38:31.248788
545	274	2	2025-02-10 19:38:31.248788	2025-02-10 19:38:31.248788
546	275	2	2025-02-10 19:38:31.248788	2025-02-10 19:38:31.248788
547	276	2	2025-02-10 19:38:31.248788	2025-02-10 19:38:31.248788
548	277	2	2025-02-10 19:38:31.248788	2025-02-10 19:38:31.248788
549	27	2	2025-02-10 19:38:31.248788	2025-02-10 19:38:31.248788
550	278	1	2025-02-11 16:06:56.078638	2025-02-11 16:06:56.078638
551	279	1	2025-02-11 17:03:20.121399	2025-02-11 17:03:20.121399
552	282	1	2025-02-11 17:03:27.386216	2025-02-11 17:03:27.386216
553	280	1	2025-02-11 17:03:33.025992	2025-02-11 17:03:33.025992
554	281	1	2025-02-11 17:03:37.36626	2025-02-11 17:03:37.36626
555	283	1	2025-02-11 17:03:42.492459	2025-02-11 17:03:42.492459
556	284	1	2025-02-11 17:03:46.177818	2025-02-11 17:03:46.177818
557	285	1	2025-02-11 17:03:50.987495	2025-02-11 17:03:50.987495
558	286	1	2025-02-11 17:17:01.130385	2025-02-11 17:17:01.130385
559	287	1	2025-02-11 17:22:06.54886	2025-02-11 17:22:06.54886
560	288	1	2025-02-11 17:27:31.278681	2025-02-11 17:27:31.278681
561	289	1	2025-02-11 17:32:39.30631	2025-02-11 17:32:39.30631
562	290	1	2025-02-11 17:58:07.969068	2025-02-11 17:58:07.969068
563	291	1	2025-02-11 18:00:34.851136	2025-02-11 18:00:34.851136
\.


--
-- Data for Name: employees; Type: TABLE DATA; Schema: public; Owner: student
--

COPY public.employees (id, name, job_level_id, company_id, previous_company_id, linkedin_url, flagged, flag_comment, group_id, location_id, created_at, updated_at, position_type_id, undergraduate_school_id, graduate_school_id) FROM stdin;
1	Tom Massey	42	11	5	https://www.linkedin.com/in/tom-massey-873420150/?originalSubdomain=uk	0	\N	15	51	2025-02-09 03:03:35.608629	2025-02-09 03:03:35.608629	1	56	58
2	Stephen Schalbe	42	11	5	https://www.linkedin.com/in/stephen-schaible-b4b70613/	0	\N	15	32	2025-02-09 03:05:36.684433	2025-02-09 03:05:36.684433	1	124	\N
3	Kirtan Pansari	42	11	7	https://www.linkedin.com/in/kirtan-pansari-69975a45/?originalSubdomain=uk	0	\N	15	51	2025-02-09 03:11:22.922854	2025-02-09 03:11:22.922854	1	131	\N
4	Greg-Henri Bize	41	11	12	https://www.linkedin.com/in/greg-henri-bize-1a76254/	0	\N	15	51	2025-02-09 03:12:45.449488	2025-02-09 03:12:45.449488	1	\N	\N
5	Egor Nikolaev	41	11	5	https://www.linkedin.com/in/george-nikolaev/?originalSubdomain=uk	0	\N	15	51	2025-02-09 03:17:22.164982	2025-02-09 03:17:34.980562	1	131	135
6	Ranga Covindassamy	41	11	309	https://www.linkedin.com/in/ranga-covindassamy-5b920312/	0	\N	15	32	2025-02-09 03:20:20.991782	2025-02-09 03:21:05.669934	1	57	137
7	Divashen Kandan	41	11	6	https://www.linkedin.com/in/divashen-kandan-26a5326b/?originalSubdomain=uk	0	\N	15	51	2025-02-09 03:22:23.293973	2025-02-09 03:22:23.293973	1	\N	\N
8	Cesar Bustillos	40	11	5	https://www.linkedin.com/in/cesarbustillos/	0	\N	15	32	2025-02-09 03:24:17.946618	2025-02-09 03:24:17.946618	1	\N	62
9	Eleni Kontosi	40	11	\N	https://www.linkedin.com/in/elenikontosi/	0	\N	15	51	2025-02-09 03:25:39.894617	2025-02-09 03:25:39.894617	1	\N	\N
10	Michael Blessing	40	11	\N	https://www.linkedin.com/in/michaelblessing1/?originalSubdomain=uk	0	\N	15	51	2025-02-09 03:27:11.381899	2025-02-09 03:28:21.426162	1	\N	138
11	Emirhan Ozkan	40	11	4	https://www.linkedin.com/in/emirhanozkan/	0	\N	15	51	2025-02-09 03:30:00.943926	2025-02-09 03:30:00.943926	1	\N	138
12	Pierre Lafitte	39	11	\N	https://www.linkedin.com/in/pierre-laffitte/?locale=en_US	0	\N	15	51	2025-02-09 03:31:48.399326	2025-02-09 03:31:55.107864	1	\N	\N
13	Sean Vashi	39	11	5	https://www.linkedin.com/in/sean-vashi-59bb81123/	0	\N	15	32	2025-02-09 03:33:03.276532	2025-02-09 03:33:03.276532	1	72	\N
15	Patrick O'Neill	39	11	\N	https://www.linkedin.com/in/patrick-o-neill-9905/	0	\N	15	32	2025-02-09 03:36:37.895048	2025-02-09 03:36:37.895048	1	\N	\N
16	Mattia Coccato	39	11	\N	https://www.linkedin.com/in/mattia-coccato/?originalSubdomain=gh	0	\N	15	51	2025-02-09 03:37:49.51905	2025-02-09 03:37:49.51905	1	\N	\N
17	Mantas Mieliauskas	39	11	\N	https://www.linkedin.com/in/mantas-mieliauskas-96558b113/?originalSubdomain=uk	0	\N	15	51	2025-02-09 03:38:47.670894	2025-02-09 03:38:47.670894	1	\N	\N
18	Leonardo Kim	39	11	12	https://www.linkedin.com/in/leokim396/	0	\N	15	32	2025-02-09 03:41:31.041484	2025-02-09 03:41:31.041484	1	85	\N
19	Louis Bustin	39	11	\N	https://www.linkedin.com/in/louis-bustin/?originalSubdomain=uk	0	\N	15	51	2025-02-09 03:42:47.326296	2025-02-09 03:42:47.326296	1	\N	\N
20	Nikita Khanna	38	11	\N	https://www.linkedin.com/in/nikitakhanna23/?originalSubdomain=uk	0	\N	15	51	2025-02-09 03:43:58.922792	2025-02-09 03:43:58.922792	1	\N	\N
21	Max Davis	38	11	\N	https://www.linkedin.com/in/max-davis-5b8ba6202/?originalSubdomain=uk	0	\N	15	51	2025-02-09 03:45:20.398823	2025-02-09 03:45:20.398823	1	132	\N
22	Sarah Yoon	38	11	\N	https://www.linkedin.com/in/sarah-y-308781108/	0	\N	15	32	2025-02-09 03:46:18.042547	2025-02-09 03:47:36.814694	1	139	\N
23	Pedro Rodriguez	38	11	\N	https://www.linkedin.com/in/pedro-rodriguez10/	0	\N	15	32	2025-02-09 03:49:03.117268	2025-02-09 03:49:12.990977	1	140	\N
24	Daniel Mendelow	42	11	\N	https://www.linkedin.com/in/daniel-mendelow-0b4408/	0	\N	16	32	2025-02-09 12:33:01.936441	2025-02-09 12:33:01.936441	1	124	\N
25	Justin Singh	42	11	14	https://www.linkedin.com/in/justinsingh/	0	\N	16	32	2025-02-09 12:34:42.770504	2025-02-09 12:35:51.282008	1	\N	141
26	Jason Lee	41	11	16	https://www.linkedin.com/in/jasondamianlee/	0	\N	16	32	2025-02-09 12:39:16.056226	2025-02-09 12:39:16.056226	1	79	\N
29	Bill Stafford	40	11	3	https://www.linkedin.com/in/williamfstafford/	0	\N	16	32	2025-02-09 12:47:39.275073	2025-02-09 12:52:03.041129	1	144	83
30	Clint Collins	40	11	6	https://www.linkedin.com/in/clintbcollins/	0	\N	16	32	2025-02-09 12:54:02.342955	2025-02-09 12:54:18.142793	1	146	84
31	Melody Tan	39	11	\N		0	\N	16	32	2025-02-09 12:58:51.762597	2025-02-09 12:58:51.762597	1	\N	\N
32	Reese Mullins	39	11	3	https://www.linkedin.com/in/reese-mullins/	0	\N	16	32	2025-02-09 13:01:30.588841	2025-02-09 13:01:30.588841	1	77	84
28	Mark Reynolds	41	11	18	https://www.linkedin.com/in/mark-reynolds-81676320/	0	\N	16	32	2025-02-09 12:42:56.536554	2025-02-09 13:14:35.424109	1	85	126
14	Lamine Nwal	39	11	3	https://www.linkedin.com/in/lamine-nwal-048902132/	0	\N	15	32	2025-02-09 03:34:10.435965	2025-02-09 13:16:09.456519	1	125	\N
33	Sophie Li	39	11	6	https://www.linkedin.com/in/sophieyxli/	0	\N	16	32	2025-02-09 13:07:27.269578	2025-02-09 13:21:29.130325	1	\N	151
34	Michael McCann	39	11	\N		0	\N	16	32	2025-02-09 13:23:08.632762	2025-02-09 13:23:08.632762	1	\N	\N
35	Andrea Candidato	38	11	\N	https://www.linkedin.com/in/andreacandidato/	0	\N	16	32	2025-02-09 13:24:10.473226	2025-02-09 13:24:10.473226	1	61	\N
36	Baron Cao	38	11	\N	https://www.linkedin.com/in/baron-c-09333b1a4/	0	\N	16	32	2025-02-09 13:25:48.079925	2025-02-09 13:25:48.079925	1	127	\N
37	Gabrielle Lau	38	11	\N	https://www.linkedin.com/in/gabby-lau/	0	\N	16	32	2025-02-09 13:26:41.909151	2025-02-09 13:26:41.909151	1	61	\N
38	Wilco Faessen	42	11	8	https://www.linkedin.com/in/wilco-faessen-5b02a710/	0	\N	17	32	2025-02-09 13:48:07.21129	2025-02-09 13:48:23.141827	1	\N	\N
39	Ari Berger	42	11	8	https://www.linkedin.com/in/ari-berger-62873112/	0	\N	17	32	2025-02-09 13:49:17.774659	2025-02-09 13:49:17.774659	1	178	\N
40	Vasu Pinnamaneni	41	11	8		0	\N	17	13	2025-02-09 13:50:42.040112	2025-02-09 13:50:42.040112	1	57	128
41	Scott Meyer	41	11	\N	https://www.linkedin.com/in/scott-meyer-15b90747/	0	\N	17	32	2025-02-09 13:51:44.93436	2025-02-09 13:55:19.924009	1	201	\N
42	Will Jurist	41	11	3	https://www.linkedin.com/in/willjurist/	0	\N	17	32	2025-02-09 13:59:00.910022	2025-02-09 13:59:09.022566	1	203	54
43	Steve Segall	41	11	16	https://www.linkedin.com/in/stevesegall/	0	\N	17	32	2025-02-09 14:00:34.364708	2025-02-09 14:00:34.364708	1	61	62
44	George Phillips	41	11	310	https://www.linkedin.com/in/george-phillips-b7a95340/	0	\N	17	32	2025-02-09 14:01:50.541823	2025-02-09 14:02:18.582521	1	\N	\N
45	Rosabella Magat	40	11	19	https://www.linkedin.com/in/rosabella-magat-69923320/	0	\N	17	32	2025-02-09 14:03:55.852056	2025-02-09 14:03:55.852056	1	195	\N
46	Sanam Mechkat	40	11	\N	https://www.linkedin.com/in/sanammechkat/details/education/	0	\N	17	32	2025-02-09 14:05:28.724375	2025-02-09 14:05:28.724375	1	191	184
47	Jack Chapman	40	11	15	https://www.linkedin.com/in/jackrchapman/	0	\N	17	32	2025-02-09 14:06:43.771241	2025-02-09 14:06:43.771241	1	67	\N
48	Aditya Gupta	40	11	\N	https://www.linkedin.com/in/adityagupta72/	0	\N	17	32	2025-02-09 14:07:54.561111	2025-02-09 14:07:54.561111	1	69	184
49	Ivy Ke	39	11	\N	https://www.linkedin.com/in/ivyke/	0	\N	17	32	2025-02-09 14:09:17.371191	2025-02-09 14:09:17.371191	1	198	126
50	Sonia Wahi	39	11	\N	https://www.linkedin.com/in/sonia-wahi-8b964b46/	0	\N	17	32	2025-02-09 14:15:31.937915	2025-02-09 14:15:48.157252	1	147	148
51	Megan Schwarzkopf	39	11	8	https://www.linkedin.com/in/megan-schwarzkopf-668051138/	0	\N	17	32	2025-02-09 14:18:52.324391	2025-02-09 14:18:52.324391	1	81	\N
52	Alisandra Tieke	39	11	\N	https://www.linkedin.com/in/alisandra-tieke-6b9671b2/	0	\N	17	32	2025-02-09 14:20:23.866035	2025-02-09 14:20:23.866035	1	73	54
53	Eric Norman	39	11	27	https://www.linkedin.com/in/eric-norman/	0	\N	17	32	2025-02-09 14:21:37.628321	2025-02-09 14:21:37.628321	1	\N	\N
54	David Seo	3	1	11	https://www.linkedin.com/in/david-seo/	0	\N	27	32	2025-02-09 14:23:24.969128	2025-02-09 14:23:24.969128	1	185	\N
55	Max Ingerman	38	11	\N	https://www.linkedin.com/in/maxingerman/	0	\N	17	32	2025-02-09 14:26:20.198719	2025-02-09 14:26:20.198719	1	65	\N
56	Samuel Richardson	38	11	\N	https://www.linkedin.com/in/samuel-richardson-590969151/	0	\N	17	32	2025-02-09 14:27:56.783116	2025-02-09 14:27:56.783116	1	193	\N
57	Yvette Ye	38	11	\N	https://www.linkedin.com/in/yvetteye/	0	\N	17	32	2025-02-09 14:29:27.253181	2025-02-09 14:29:27.253181	1	69	\N
58	Rahul Agarwal	38	11	\N		0	\N	17	32	2025-02-09 14:33:00.42363	2025-02-09 14:33:00.42363	1	\N	\N
59	Chloe Johnson	38	11	\N	https://www.linkedin.com/in/chloe-johnson-089779196/	0	\N	17	32	2025-02-09 14:36:29.128942	2025-02-09 14:36:29.128942	1	107	\N
60	Julia Martin	38	11	\N	https://www.linkedin.com/in/julia-martin/	0	\N	17	32	2025-02-09 14:38:17.651979	2025-02-09 14:38:17.651979	1	53	\N
61	Constanze Boehm	38	11	\N	https://www.linkedin.com/in/constanze-boehm-239a1318a/	0	\N	17	32	2025-02-09 14:40:01.118778	2025-02-09 14:40:01.118778	1	178	\N
62	Annie Lai	38	11	\N	https://www.linkedin.com/in/-annie-lai/?originalSubdomain=ca	0	\N	17	32	2025-02-09 14:40:50.168944	2025-02-09 14:40:50.168944	1	\N	\N
63	Carl Vestberg	38	11	\N	https://www.linkedin.com/in/carl-vestberg/	0	\N	17	32	2025-02-09 14:41:43.783251	2025-02-09 14:41:43.783251	1	65	\N
64	Ben Eldredge	42	11	6	https://www.linkedin.com/in/benjamin-eldredge-a187675/	0	\N	20	32	2025-02-09 17:36:43.346482	2025-02-09 17:36:43.346482	1	150	126
65	Daniel Levy	42	11	1	https://www.linkedin.com/in/daniellevy2/	0	\N	20	32	2025-02-09 17:38:38.850584	2025-02-09 17:38:38.850584	1	95	\N
66	Anthony (Tony) Magro	42	11	4		0	\N	20	32	2025-02-09 17:40:42.221114	2025-02-09 17:40:42.221114	1	59	\N
67	Abhinav Poddar	42	11	7	https://www.linkedin.com/in/abhinav-poddar-25b7aa5/	0	\N	20	32	2025-02-09 17:42:26.285879	2025-02-09 17:42:26.285879	1	\N	126
68	Paul-Emmanuel Prunet	42	11	14	https://www.linkedin.com/in/paul-emmanuel-prunet-21598411/	0	\N	20	32	2025-02-09 17:44:05.094866	2025-02-09 17:44:05.094866	1	\N	\N
69	Ira Wolfson	42	11	14		0	\N	20	32	2025-02-09 17:45:02.188607	2025-02-09 17:45:02.188607	1	178	\N
70	Luke Byrnes	39	11	\N	https://www.linkedin.com/in/luke-byrnes-92090137/	0	\N	20	32	2025-02-09 17:46:39.721458	2025-02-09 17:46:39.721458	1	57	126
71	Trip Killinger	39	11	\N		0	\N	20	32	2025-02-09 17:47:56.810264	2025-02-09 17:47:56.810264	1	\N	128
72	Aziz Bediri	39	11	\N	https://www.linkedin.com/in/aziz-b-0805a658/?originalSubdomain=ca	0	\N	20	32	2025-02-09 17:49:10.475698	2025-02-09 17:49:10.475698	1	\N	\N
73	Rijbergen (Jeff) Desroches	39	11	3	https://www.linkedin.com/in/rijbergen-desroches-60354243/	0	\N	20	32	2025-02-09 17:51:46.781444	2025-02-09 17:52:09.455443	1	125	148
74	Tom Kramer	39	11	4	https://www.linkedin.com/in/thomasmkramer/	0	\N	20	32	2025-02-09 17:53:52.159641	2025-02-09 17:53:52.159641	1	193	178
75	Luciano Lu	39	11	27	https://www.linkedin.com/in/luciano-lu-998b5084/?originalSubdomain=ca	0	\N	20	32	2025-02-09 17:55:39.701715	2025-02-09 17:55:39.701715	1	\N	\N
76	Vlad Preobrazhensky	39	11	27	https://www.linkedin.com/in/vlad-preobrazhensky-982b47128/	0	\N	20	32	2025-02-09 17:56:49.254039	2025-02-09 17:56:49.254039	1	\N	\N
77	Shriya Ravishankar	39	11	\N	https://www.linkedin.com/in/shriyaravishankar/	0	\N	20	32	2025-02-09 17:59:04.800018	2025-02-09 17:59:04.800018	1	\N	184
78	Jay Barden	39	11	\N	https://www.linkedin.com/in/jaybarden/	0	\N	20	32	2025-02-09 17:59:59.831297	2025-02-09 18:00:41.454296	1	144	180
79	John Kinsella	39	11	13	https://www.linkedin.com/in/johnkinsellacolumbia/	0	\N	20	32	2025-02-09 18:02:18.536164	2025-02-09 18:02:18.536164	1	125	106
80	Alexey Kruglov	39	11	\N	https://www.linkedin.com/in/alexey-kruglov-36955176/	0	\N	20	32	2025-02-09 18:03:29.053581	2025-02-09 18:03:39.915521	1	101	62
81	Woo Jin Lee	39	11	\N		0	\N	20	32	2025-02-09 18:05:34.179661	2025-02-09 18:05:34.179661	1	\N	126
82	Abigail (Abby) Charlton	39	11	\N	https://www.linkedin.com/in/abigailcharlton/	0	\N	20	32	2025-02-09 18:06:55.640289	2025-02-09 18:07:06.208269	1	\N	\N
83	Ben Pickle	39	11	\N	https://www.linkedin.com/in/ben-pickle-89560a190/	0	\N	20	32	2025-02-09 18:08:14.936351	2025-02-09 18:08:14.936351	1	\N	\N
84	Mark Williamson	42	11	4	https://www.linkedin.com/in/mark-williamson-b5207a16/	0	\N	21	32	2025-02-09 18:12:50.640452	2025-02-09 18:12:50.640452	1	83	126
85	Stephen Azoulay	42	11	\N	https://www.linkedin.com/in/azoulaystephane/	0	\N	21	32	2025-02-09 18:13:57.461346	2025-02-09 18:13:57.461346	1	\N	53
86	Jonathon Kaufman	42	11	6	https://www.linkedin.com/in/jonathon-kaufman-a484605b/	0	\N	21	32	2025-02-09 18:15:23.91051	2025-02-09 18:15:23.91051	1	147	\N
87	Ted Michaels	42	11	6	https://www.linkedin.com/in/ted-michaels-92732418/	0	\N	21	32	2025-02-09 18:19:24.646918	2025-02-09 18:19:24.646918	1	77	184
88	Andreas Burdach	41	11	\N	https://www.linkedin.com/in/andreasburdach/	0	\N	21	32	2025-02-09 18:20:57.121391	2025-02-09 18:20:57.121391	1	\N	\N
89	John Favorite	41	11	22	https://www.linkedin.com/in/john-favorite-28124212/	0	\N	21	32	2025-02-09 18:22:21.070203	2025-02-09 18:22:21.070203	1	79	\N
90	Joseph Salvatore	41	11	6	https://www.linkedin.com/in/jsalvatore2/	0	\N	21	32	2025-02-09 18:25:26.139107	2025-02-09 18:25:26.139107	1	\N	\N
91	Guilherme Musa	41	11	6	https://www.linkedin.com/in/guilherme-musa-47086b21/	0	\N	21	32	2025-02-09 18:27:11.415896	2025-02-09 18:27:11.415896	1	\N	184
92	Christopher Larmore	40	11	4	https://www.linkedin.com/in/christopher-larmore-8a276742/	0	\N	21	32	2025-02-09 18:28:28.310039	2025-02-09 18:28:28.310039	1	61	\N
93	Nicholas Salzman	40	11	\N	https://www.linkedin.com/in/nicholassalzman/	0	\N	21	32	2025-02-09 18:29:47.696746	2025-02-09 18:29:47.696746	1	118	184
94	Ariel Olyan	40	11	27	https://www.linkedin.com/in/arielolyan/	0	\N	21	32	2025-02-09 18:31:17.834427	2025-02-09 18:31:17.834427	1	\N	\N
95	David Steenwinkel	5	16	11	https://www.linkedin.com/in/david-steenwinkel-a55b3573/	0	\N	11	32	2025-02-09 18:33:08.506272	2025-02-09 18:33:08.506272	1	\N	\N
96	Steven Moroff	40	11	27	https://www.linkedin.com/in/stevenmoroff/	0	\N	21	32	2025-02-09 18:35:01.408737	2025-02-09 18:35:01.408737	1	\N	\N
97	Kanak Sarda	40	11	\N	https://www.linkedin.com/in/kanaksarda/	0	\N	21	32	2025-02-09 18:36:19.930001	2025-02-09 18:36:19.930001	1	\N	\N
98	Marcos Toti	41	11	\N	https://www.linkedin.com/in/marcos-toti/	0	\N	\N	53	2025-02-09 18:39:25.0248	2025-02-09 18:39:25.0248	1	\N	\N
99	Allison Hawkins	39	11	\N	https://www.linkedin.com/in/allison-hawkins-9147b28b/	0	\N	21	32	2025-02-09 18:44:17.714544	2025-02-09 18:47:30.384403	1	205	151
100	Taylor Carkner	39	11	\N	https://www.linkedin.com/in/taylorcarkner/	0	\N	21	32	2025-02-09 18:48:51.103101	2025-02-09 18:48:51.103101	1	\N	\N
101	Yil Krasniqi	39	11	\N	https://www.linkedin.com/in/yll-krasniqi/	0	\N	21	32	2025-02-09 18:50:46.261047	2025-02-09 18:50:46.261047	1	101	\N
102	Seth Cooper	39	11	\N	https://www.linkedin.com/in/seth-cooper-714b04122/	0	\N	21	32	2025-02-09 18:51:51.70284	2025-02-09 18:51:51.70284	1	193	\N
103	Duncan Colterjohn	39	11	4	https://www.linkedin.com/in/duncancolterjohn/	0	\N	\N	32	2025-02-09 18:53:06.038367	2025-02-09 18:53:06.038367	1	\N	126
104	Kush Gupta	39	11	\N	https://www.linkedin.com/in/guptakush5/	0	\N	21	32	2025-02-09 18:56:30.992447	2025-02-09 18:56:30.992447	1	\N	62
105	Yun Chen	39	11	\N	https://www.linkedin.com/in/yunchenmba/	0	\N	21	32	2025-02-09 19:00:34.79052	2025-02-09 19:00:34.79052	1	\N	106
106	Christian Magherby	39	11	\N	https://www.linkedin.com/in/christian-m-225601154/	0	\N	21	32	2025-02-09 19:02:05.024254	2025-02-09 19:02:05.024254	1	199	\N
107	Cole Roseborough	39	11	\N	https://www.linkedin.com/in/cole-roseborough/	0	\N	21	32	2025-02-09 19:06:15.380569	2025-02-09 19:06:15.380569	1	95	\N
108	Kamil Skrzypek	39	11	\N	https://www.linkedin.com/in/kamilskrzypek/	0	\N	21	32	2025-02-09 19:08:04.591151	2025-02-09 19:08:04.591151	1	\N	\N
109	Varun Sehgal	39	11	22	https://www.linkedin.com/in/varun-sehgal-2021/	0	\N	21	32	2025-02-09 19:10:19.033397	2025-02-09 19:10:19.033397	1	\N	150
110	Conor Commons	39	11	27	https://www.linkedin.com/in/conor-commons/	0	\N	21	32	2025-02-09 19:14:36.93952	2025-02-09 19:14:36.93952	1	\N	\N
111	Filippo Botta	39	11	\N	https://www.linkedin.com/in/filippo-botta-249882133/	0	\N	21	32	2025-02-09 19:15:57.581257	2025-02-09 19:15:57.581257	1	95	\N
112	Justin Bai	38	11	\N	https://www.linkedin.com/in/justinbai01/	0	\N	21	32	2025-02-09 19:28:12.048702	2025-02-09 19:28:12.048702	1	77	\N
113	Pratha Bodas	38	11	\N	https://www.linkedin.com/in/prathabodas/	0	\N	21	32	2025-02-09 19:32:53.078052	2025-02-09 19:33:14.004005	1	206	\N
114	Evelyn Cai	38	11	\N	https://www.linkedin.com/in/evcai/	0	\N	21	32	2025-02-09 19:34:34.453926	2025-02-09 19:34:34.453926	1	105	\N
115	Pamela Duke	38	11	\N	https://www.linkedin.com/in/pameladuke/	0	\N	21	32	2025-02-09 19:35:50.023842	2025-02-09 19:35:50.023842	1	129	\N
116	Sanjana Ramaswamy	38	11	\N	https://www.linkedin.com/in/sanjana-v-ramaswamy/	0	\N	21	32	2025-02-09 19:36:48.55689	2025-02-09 19:36:48.55689	1	\N	\N
117	Joseph Daly	38	11	\N	https://www.linkedin.com/in/joseph-d-566852187/	0	\N	21	32	2025-02-09 19:44:00.885023	2025-02-09 19:44:13.221257	1	127	\N
118	Constanza Estrada-Navarro	38	11	\N	https://www.linkedin.com/in/constanza-estrada-navarro/	0	\N	21	32	2025-02-09 19:46:34.873949	2025-02-09 19:47:08.320407	1	150	\N
119	Kaily Ishikawa	38	11	\N	https://www.linkedin.com/in/kaily-i-5b934318b/	0	\N	21	32	2025-02-09 19:48:44.854767	2025-02-09 19:49:50.650738	1	208	\N
120	Sergi Sainz-Barrionuevo	38	11	\N	https://www.linkedin.com/in/sergisainz/	0	\N	21	32	2025-02-09 19:51:16.707327	2025-02-09 19:51:16.707327	1	150	\N
121	Matt Wright	38	11	\N	https://www.linkedin.com/in/matt-wright-757372208/	0	\N	21	32	2025-02-09 19:52:40.374204	2025-02-09 19:52:40.374204	1	\N	\N
122	Stuart Britton	42	11	\N		0	\N	22	32	2025-02-09 23:25:43.639072	2025-02-09 23:25:43.639072	1	\N	\N
123	Jin Kwon	41	11	8		0	\N	22	32	2025-02-09 23:28:25.255627	2025-02-09 23:28:25.255627	1	140	151
124	David Oppenheim	41	11	\N	https://www.linkedin.com/in/david-m-oppenheim/	0	\N	22	32	2025-02-09 23:29:24.207435	2025-02-09 23:29:24.207435	1	\N	\N
125	Brendan Gilbert	40	11	135	https://www.linkedin.com/in/brendan-gilbert-06059a17/	0	\N	22	32	2025-02-09 23:30:54.81018	2025-02-09 23:30:54.81018	1	61	\N
126	Charles (Charlie) Lee	40	11	\N	https://www.linkedin.com/in/charles-lee-70b273b1/	0	\N	22	32	2025-02-09 23:32:35.236188	2025-02-09 23:32:50.532619	1	85	\N
127	Sean Jarvis	39	11	\N		0	\N	22	32	2025-02-09 23:34:40.812431	2025-02-09 23:34:40.812431	1	125	\N
128	Alasdair Brown	39	11	\N	https://www.linkedin.com/in/alasdair-brown-aa6aa0103/	0	\N	22	32	2025-02-09 23:36:13.145924	2025-02-09 23:36:13.145924	1	131	\N
129	Keegan Brockman	39	11	\N	https://www.linkedin.com/in/keeganbrockman-488939b4/	0	\N	22	32	2025-02-09 23:37:39.320805	2025-02-09 23:37:39.320805	1	107	\N
130	Siddharth Singh	39	11	\N	https://www.linkedin.com/in/siddharth-singh-a83636135/	0	\N	22	32	2025-02-09 23:39:03.504019	2025-02-09 23:39:03.504019	1	125	\N
131	Jasmine Xing	38	11	\N		0	\N	22	32	2025-02-09 23:40:04.492994	2025-02-09 23:40:04.492994	1	\N	\N
132	Andrew Wong	38	11	\N	https://www.linkedin.com/in/andrew-wong-86a7b8152/	0	\N	22	5	2025-02-09 23:41:42.456691	2025-02-09 23:41:42.456691	1	61	\N
133	Matt Gandy	42	11	\N	https://www.linkedin.com/in/matt-gandy-7b002b9/	0	\N	22	32	2025-02-09 23:48:01.056796	2025-02-09 23:48:01.056796	1	61	179
134	John Harrington	41	11	\N		0	\N	22	5	2025-02-09 23:49:20.64942	2025-02-09 23:49:20.64942	1	53	126
135	Christopher Ross	41	11	5	https://www.linkedin.com/in/christopher-ross-58600432/	0	\N	22	5	2025-02-09 23:50:31.75432	2025-02-09 23:50:31.75432	1	81	\N
136	Gordon (Trey) Linke	40	11	2	https://www.linkedin.com/in/gordon-trey-linke-a4a42b83/	0	\N	22	5	2025-02-09 23:51:49.120499	2025-02-09 23:51:49.120499	1	193	\N
137	Sharon Kavjin	39	11	\N	https://www.linkedin.com/in/sharon-kavjian-5b9356118/	0	\N	22	32	2025-02-09 23:54:11.176046	2025-02-09 23:54:11.176046	1	125	\N
138	Teddy Friedman	39	11	\N	https://www.linkedin.com/in/teddyfriedman/	0	\N	22	32	2025-02-09 23:55:42.251813	2025-02-09 23:55:42.251813	1	59	\N
139	Alessia Russo	38	11	\N	https://www.linkedin.com/in/alessia-russo/	0	\N	22	32	2025-02-09 23:57:38.967147	2025-02-09 23:57:38.967147	1	125	\N
140	Alex Klippel	38	11	\N	https://www.linkedin.com/in/alex-klippel/	0	\N	22	32	2025-02-09 23:58:31.057287	2025-02-09 23:58:31.057287	1	139	\N
141	Jason Sobol	42	11	\N	https://www.linkedin.com/in/jason-sobol-ab3a802/	0	\N	23	32	2025-02-10 00:03:18.604733	2025-02-10 00:03:18.604733	1	53	\N
142	Nathan Graf	42	11	4	https://www.linkedin.com/in/nathan-graf-2b0677/	0	\N	23	32	2025-02-10 00:04:46.691112	2025-02-10 00:04:46.691112	1	53	126
143	Richard Hoyle	42	11	10	https://www.linkedin.com/in/richardhoyle/?originalSubdomain=uk	0	\N	23	51	2025-02-10 00:05:51.860754	2025-02-10 00:06:14.72933	1	134	\N
144	Alex Foster	42	11	8	https://www.linkedin.com/in/alex-foster-8146283/	0	\N	23	32	2025-02-10 00:08:18.916817	2025-02-10 00:08:18.916817	1	103	\N
145	Jonathan Knee	42	11	3		0	\N	23	32	2025-02-10 00:10:05.869899	2025-02-10 00:10:05.869899	1	85	121
146	Jaison Thomas	41	11	4	https://www.linkedin.com/in/jaison-thomas-1199201/	0	\N	23	32	2025-02-10 00:11:48.052945	2025-02-10 00:11:58.922526	1	\N	106
147	Ryan Schoenig	41	11	\N	https://www.linkedin.com/in/ryan-schoenig-8392944/	0	\N	23	32	2025-02-10 00:13:08.096383	2025-02-10 00:13:08.096383	1	124	\N
148	Eli Sevin	41	11	\N	https://www.linkedin.com/in/eli-sevin-5b240715/	0	\N	23	32	2025-02-10 00:14:18.703176	2025-02-10 00:14:18.703176	1	61	151
149	Arjun Perumalpillai	41	11	\N	https://www.linkedin.com/in/arjun-perumalpillai-5b500439/?originalSubdomain=uk	0	\N	23	51	2025-02-10 00:38:31.60512	2025-02-10 00:38:31.60512	1	134	\N
150	Natasha Pai	40	11	\N		0	\N	23	32	2025-02-10 00:40:09.143932	2025-02-10 00:40:09.143932	1	\N	151
151	Louisa Hertz	40	11	\N	https://www.linkedin.com/in/louisa-hertz-97941123/	0	\N	23	32	2025-02-10 00:41:30.306351	2025-02-10 00:41:30.306351	1	52	128
152	Justin Roman	40	11	323	https://www.linkedin.com/in/justin-roman-10048514/	0	\N	23	32	2025-02-10 00:43:54.458932	2025-02-10 00:43:54.458932	1	71	151
153	Andrey Simonyan	40	11	16	https://www.linkedin.com/in/andrey-simonyan-89402423/	0	\N	23	32	2025-02-10 00:45:37.089457	2025-02-10 00:45:37.089457	1	\N	128
154	Spencer Flajser	40	11	\N	https://www.linkedin.com/in/spencer-flajser-1199a410/	0	\N	23	32	2025-02-10 00:47:07.461404	2025-02-10 00:47:07.461404	1	\N	126
155	Robert Birns	40	11	\N	https://www.linkedin.com/in/robert-birns-05336752/	0	\N	23	32	2025-02-10 00:48:38.586912	2025-02-10 00:48:38.586912	1	61	126
156	Elizabeth Goodman	40	11	10	https://www.linkedin.com/in/elizabeth-c-goodman-710b4865/?originalSubdomain=uk	0	\N	23	51	2025-02-10 00:50:12.106542	2025-02-10 00:50:19.459118	1	\N	126
157	Michael Lizza	40	11	\N		0	\N	23	32	2025-02-10 00:51:24.627353	2025-02-10 00:51:24.627353	1	\N	\N
158	Anirban Neog	40	11	\N	https://www.linkedin.com/in/anirbanneog/	0	\N	23	32	2025-02-10 00:52:38.133607	2025-02-10 00:52:38.133607	1	\N	148
159	Holly Jackson	39	11	6	https://www.linkedin.com/in/holly-jackson-39bb5a153/?originalSubdomain=uk	0	\N	23	51	2025-02-10 00:53:57.996419	2025-02-10 00:54:03.853936	1	122	\N
160	Flora Yu	39	11	310	https://www.linkedin.com/in/flora-k-yu/	0	\N	23	32	2025-02-10 01:00:22.568277	2025-02-10 01:00:22.568277	1	79	60
161	Everett Allen	39	11	213	https://www.linkedin.com/in/everettallen/	0	\N	23	32	2025-02-10 01:02:26.706363	2025-02-10 01:02:26.706363	1	\N	126
162	Michael Adams	39	11	\N	https://www.linkedin.com/in/michael-adams-68677019/	0	\N	23	32	2025-02-10 01:09:13.990463	2025-02-10 01:09:26.289847	1	209	148
163	Gabrielle Bass	39	11	\N	https://www.linkedin.com/in/gabrielle-bass-/	0	\N	23	32	2025-02-10 01:15:24.63451	2025-02-10 01:15:24.63451	1	147	78
164	Jonathan Lanman	39	11	4	https://www.linkedin.com/in/jonathanlanman/	0	\N	23	32	2025-02-10 01:17:18.441964	2025-02-10 01:17:18.441964	1	71	126
165	Cady Lee	39	11	\N	https://www.linkedin.com/in/cady-lee-cfa/	0	\N	23	32	2025-02-10 01:21:08.423325	2025-02-10 01:21:20.337159	1	211	148
166	Dada Huang	39	11	11	https://www.linkedin.com/in/dadahuang/	0	\N	23	32	2025-02-10 01:23:04.522725	2025-02-10 01:24:13.467869	1	\N	151
167	Matthew Leslie	39	11	\N	https://www.linkedin.com/in/matthew--leslie/?originalSubdomain=uk	0	\N	23	51	2025-02-10 01:25:11.085383	2025-02-10 01:25:19.408208	1	\N	\N
169	Marek Hornak	38	11	\N	https://www.linkedin.com/in/marekhornak/	0	\N	23	32	2025-02-10 01:28:35.900007	2025-02-10 01:28:35.900007	1	107	\N
168	Vincente Ballester	38	11	\N	https://www.linkedin.com/in/vicente-ballester/?originalSubdomain=es	0	\N	23	51	2025-02-10 01:27:02.666715	2025-02-10 01:28:44.295856	1	\N	138
170	Chloe Macklin	38	11	\N	https://www.linkedin.com/in/chloemacklin/	0	\N	23	32	2025-02-10 01:29:35.01439	2025-02-10 01:29:35.01439	1	\N	\N
171	Lisa Qin	38	11	\N	https://www.linkedin.com/in/lisa-qin/	0	\N	23	32	2025-02-10 01:30:36.921518	2025-02-10 01:30:36.921518	1	77	\N
172	Pedro Saltos	38	11	\N	https://www.linkedin.com/in/pedro-saltos/	0	\N	23	32	2025-02-10 01:33:00.477056	2025-02-10 01:33:00.477056	1	147	\N
173	Simon Walton	38	11	\N	https://www.linkedin.com/in/simon-walton-158606215/?originalSubdomain=uk	0	\N	23	32	2025-02-10 01:35:21.94754	2025-02-10 01:35:21.94754	1	134	\N
174	Baptiste Audenaert	38	11	\N	https://www.linkedin.com/in/baptiste-audenaert-89bb44173/	0	\N	23	32	2025-02-10 01:36:40.914707	2025-02-10 01:36:40.914707	1	147	\N
175	Hugh Milam	38	11	\N	https://www.linkedin.com/in/hugh-milam-2021561b9/	0	\N	23	32	2025-02-10 01:37:53.842016	2025-02-10 01:37:53.842016	1	147	\N
176	Maxim Mounier	38	11	\N	https://www.linkedin.com/in/maxim-mounier/	0	\N	23	32	2025-02-10 01:38:59.057079	2025-02-10 01:38:59.057079	1	57	\N
177	Daniel Shi	38	11	\N	https://www.linkedin.com/in/danieltshi/	0	\N	23	32	2025-02-10 01:40:04.284457	2025-02-10 01:40:04.284457	1	147	\N
178	Leah Teichholtz	38	11	\N	https://www.linkedin.com/in/teichholtz/	0	\N	23	32	2025-02-10 01:41:15.840171	2025-02-10 01:41:15.840171	1	53	\N
179	John Startin	42	11	1	https://www.linkedin.com/in/john-startin-35370b1/	0	\N	24	32	2025-02-10 01:53:33.39707	2025-02-10 01:53:33.39707	1	134	148
180	Stephen Withnell	42	11	\N		0	\N	24	32	2025-02-10 01:54:54.633729	2025-02-10 01:54:54.633729	1	\N	134
181	Andrew Frame	41	11	6	https://www.linkedin.com/in/andrew-frame-14637526/	0	\N	24	32	2025-02-10 01:56:04.890024	2025-02-10 01:56:04.890024	1	\N	\N
182	Pavel Te	41	11	6	https://www.linkedin.com/in/pavel-te-b065912b/	0	\N	24	32	2025-02-10 01:57:20.215522	2025-02-10 01:57:20.215522	1	\N	\N
183	Jonathan Edelstein	40	11	15	https://www.linkedin.com/in/jonathanedelstein/	0	\N	24	32	2025-02-10 01:58:28.330021	2025-02-10 01:58:28.330021	1	61	\N
184	Paul Hans	39	11	27	https://www.linkedin.com/in/paul-hans/	0	\N	24	32	2025-02-10 02:00:20.569397	2025-02-10 02:00:20.569397	1	\N	\N
185	Alexandre Labelle	39	11	\N		0	\N	24	32	2025-02-10 02:01:21.642619	2025-02-10 02:01:21.642619	1	\N	\N
186	Gabriela Harris	38	11	\N	https://www.linkedin.com/in/gabriela-harris-3176351a7/	0	\N	24	32	2025-02-10 02:02:37.424407	2025-02-10 02:02:37.424407	1	191	\N
187	Fabrizio Mata	38	11	\N	https://www.linkedin.com/in/fabriziomata/	0	\N	24	32	2025-02-10 02:04:10.407036	2025-02-10 02:04:10.407036	1	105	\N
188	Sebastian Murray	38	11	\N	https://www.linkedin.com/in/sebastian-murray/	0	\N	24	32	2025-02-10 02:05:12.703184	2025-02-10 02:05:12.703184	1	178	\N
189	Gavin McElhennon	38	11	\N	https://www.linkedin.com/in/gavin-mcelhennon/	0	\N	24	32	2025-02-10 02:06:16.469638	2025-02-10 02:06:16.469638	1	118	\N
190	Tannon Krumpelman	42	11	9	https://www.linkedin.com/in/tannon-krumpelman-8a718b153/	0	\N	18	32	2025-02-10 02:24:51.834169	2025-02-10 02:24:51.834169	1	114	\N
191	Jeff Haller	42	11	1	https://www.linkedin.com/in/jeff-haller-75029b6/	0	\N	18	32	2025-02-10 02:28:40.733669	2025-02-10 02:28:40.733669	1	206	\N
192	Muhammad Siddiqui	41	11	4	https://www.linkedin.com/in/masiddiqui1/	0	\N	18	32	2025-02-10 02:30:45.651654	2025-02-10 02:30:45.651654	1	\N	62
193	Hillary Powers	40	11	\N	https://www.linkedin.com/in/hillarypowers/	0	\N	18	32	2025-02-10 02:32:47.646799	2025-02-10 02:32:47.646799	1	\N	62
194	Pavan Rao	40	11	31	https://www.linkedin.com/in/pavan-rao-b2230182/	0	\N	18	32	2025-02-10 02:34:10.737217	2025-02-10 02:34:10.737217	1	79	\N
195	Kanika Vaidya	39	11	\N		0	\N	18	32	2025-02-10 02:35:45.696574	2025-02-10 02:35:45.696574	1	\N	\N
196	Frances Litvak	39	11	\N	https://www.linkedin.com/in/frances-litvak-fitzgerald-290ab736/	0	\N	18	32	2025-02-10 02:37:33.335744	2025-02-10 02:37:33.335744	1	79	126
197	Kush Patel	39	11	12	https://www.linkedin.com/in/kush-patel-nyustern/	0	\N	18	32	2025-02-10 02:38:55.44384	2025-02-10 02:38:55.44384	1	101	184
198	Julie Ferguson	39	11	\N	https://www.linkedin.com/in/julieferguson023/	0	\N	18	32	2025-02-10 02:40:12.813437	2025-02-10 02:40:12.813437	1	\N	58
199	Lynette Wu	38	11	\N	https://www.linkedin.com/in/lynette-d-wu/	0	\N	18	32	2025-02-10 02:48:15.012424	2025-02-10 02:48:15.012424	1	127	\N
200	Nikita Popik	38	11	\N	https://www.linkedin.com/in/nikitapopik/	0	\N	18	32	2025-02-10 02:53:23.692096	2025-02-10 02:53:23.692096	1	93	\N
201	Parv Golwelker	38	11	\N	https://www.linkedin.com/in/parv-golwelkar/	0	\N	18	32	2025-02-10 02:55:24.383848	2025-02-10 02:55:24.383848	1	127	\N
202	Jungwoo Park	38	11	\N	https://www.linkedin.com/in/jungwoopark/	0	\N	18	32	2025-02-10 02:57:31.14107	2025-02-10 02:58:18.375947	1	125	\N
203	Viraj Kathuria	38	11	\N	https://www.linkedin.com/in/viraj-kathuria-825597168/	0	\N	18	32	2025-02-10 02:59:10.275593	2025-02-10 02:59:10.275593	1	114	\N
204	Parmis Rouzbahani	38	11	\N	https://www.linkedin.com/in/parmis-rouzbahani/	0	\N	18	32	2025-02-10 03:00:23.754255	2025-02-10 03:00:23.754255	1	52	\N
205	Wes Blabey	38	11	\N	https://www.linkedin.com/in/weston-blabey/	0	\N	18	32	2025-02-10 03:01:18.896431	2025-02-10 03:01:18.896431	1	65	\N
206	Francois Maisonrouge	42	11	6	https://www.linkedin.com/in/francois-maisonrouge-0a371510/	0	\N	19	32	2025-02-10 03:03:34.441274	2025-02-10 03:03:34.441274	1	\N	54
207	Mark Hanson	42	11	8		0	\N	19	32	2025-02-10 03:04:39.621868	2025-02-10 03:04:39.621868	1	\N	60
208	John Honts	42	11	\N	https://www.linkedin.com/in/john-honts-b8270314/	0	\N	19	32	2025-02-10 03:05:47.842185	2025-02-10 03:05:47.842185	1	105	121
209	Maren Winnick	42	11	1		0	\N	19	32	2025-02-10 03:07:09.70127	2025-02-10 03:07:09.70127	1	59	126
210	Ted Omlid	42	11	\N	https://www.linkedin.com/in/ted-omlid-723a401/	0	\N	19	32	2025-02-10 03:09:48.974208	2025-02-10 03:11:14.775846	1	212	80
211	Matthew McAskin	42	11	1	https://www.linkedin.com/in/matthew-mcaskin-74874189/	0	\N	19	32	2025-02-10 03:12:54.042747	2025-02-10 03:12:54.042747	1	79	126
212	Bernhard Sakmann	6	329	11	https://www.linkedin.com/in/bernhard-sakmann-8a0292/	0	\N	2	32	2025-02-10 03:15:46.730676	2025-02-10 03:16:46.871853	1	\N	134
213	Anand Marathe	42	11	\N	https://www.linkedin.com/in/anand-marathe-1673011/	0	\N	19	32	2025-02-10 03:18:10.923483	2025-02-10 03:20:05.117844	1	73	126
214	Ed Baxter	42	11	4	https://www.linkedin.com/in/edbaxter/	0	\N	19	5	2025-02-10 03:21:14.281145	2025-02-10 03:21:14.281145	1	\N	148
215	Bradley Wolff	42	11	5	https://www.linkedin.com/in/bradley-wolff-293144/	0	\N	19	5	2025-02-10 03:22:40.983194	2025-02-10 03:22:40.983194	1	\N	76
216	Simon Elliott	41	11	11	https://www.linkedin.com/in/simon-elliott-91359919/?originalSubdomain=uk	0	\N	19	51	2025-02-10 03:24:53.643738	2025-02-10 03:24:53.643738	1	134	\N
217	Naveen Nataraj	42	11	\N	https://www.linkedin.com/in/naveen-nataraj-45119a14b/	0	\N	25	32	2025-02-10 03:50:12.959328	2025-02-10 03:50:12.959328	1	89	\N
218	Tom Stokes	42	11	1	https://www.linkedin.com/in/tom-stokes-304b279/	0	\N	25	32	2025-02-10 03:52:35.676662	2025-02-10 03:52:35.676662	1	132	151
219	Adi Jayaraman	42	11	5	https://www.linkedin.com/in/adi-jayaraman-533a213/	0	\N	25	32	2025-02-10 03:55:31.78655	2025-02-10 03:55:31.78655	1	\N	148
220	Seth Bergstein	42	11	3		0	\N	25	32	2025-02-10 03:57:39.440386	2025-02-10 03:57:39.440386	1	191	151
221	Nick Pomponi	42	11	1		0	\N	25	32	2025-02-10 04:05:46.354456	2025-02-10 04:06:11.523486	1	139	180
222	Michelle McKenna	42	11	\N	https://www.linkedin.com/in/michelle-mckenna-194472a/	0	\N	25	32	2025-02-10 04:07:38.938965	2025-02-10 04:07:38.938965	1	\N	68
223	Fausto Borotto	41	11	3	https://www.linkedin.com/in/fausto-borotto-91b546/	0	\N	25	32	2025-02-10 04:10:00.402788	2025-02-10 04:10:00.402788	1	142	126
224	Kunal Chakrabarti	41	11	9		0	\N	25	32	2025-02-10 04:11:15.420048	2025-02-10 04:11:15.420048	1	\N	62
225	Victor Chan	41	11	5		0	\N	25	32	2025-02-10 04:12:54.274555	2025-02-10 04:12:54.274555	1	57	58
226	Vinay Kameswaran	41	11	5		0	\N	25	32	2025-02-10 04:14:48.852427	2025-02-10 04:14:48.852427	1	\N	128
227	Faith Serrano-Pierre	41	11	\N	https://www.linkedin.com/in/faithserrano/	0	\N	25	32	2025-02-10 04:16:04.658395	2025-02-10 04:16:04.658395	1	191	54
228	Sandeep Sharma	41	11	3	https://www.linkedin.com/in/sandeep-sharma-67642411/	0	\N	25	32	2025-02-10 04:17:27.823043	2025-02-10 04:17:27.823043	1	\N	184
229	Stella Yoo	41	11	\N	https://www.linkedin.com/in/sominyoo/	0	\N	25	32	2025-02-10 04:18:27.703046	2025-02-10 04:18:27.703046	1	79	\N
230	Anthony Arguelles	41	11	\N	https://www.linkedin.com/in/anthony-arguelles-a8375390/	0	\N	25	32	2025-02-10 04:20:37.007497	2025-02-10 04:21:21.305203	1	213	54
231	Jaskaran Bakshi	40	11	\N		0	\N	25	32	2025-02-10 04:25:48.009647	2025-02-10 04:25:48.009647	1	\N	\N
232	Stefano Combi	40	11	\N	https://www.linkedin.com/in/stefano-combi-a40a9248/	0	\N	25	32	2025-02-10 04:27:13.125806	2025-02-10 04:27:13.125806	1	211	\N
233	Jonathan Fung	40	11	\N	https://www.linkedin.com/in/jonfung/	0	\N	25	32	2025-02-10 04:28:30.743002	2025-02-10 04:28:30.743002	1	\N	128
234	James Hyland	40	11	1	https://www.linkedin.com/in/james-hyland-jr-93ab9a27/	0	\N	25	32	2025-02-10 04:31:52.947974	2025-02-10 04:31:52.947974	1	81	\N
235	Alex Kirshenbaum	40	11	\N	https://www.linkedin.com/in/akirshenbaum/	0	\N	25	32	2025-02-10 04:33:34.355713	2025-02-10 04:33:34.355713	1	79	126
236	Mara Bollenbacher	40	11	\N	https://www.linkedin.com/in/marabollenbacher/	0	\N	25	32	2025-02-10 04:36:56.44869	2025-02-10 04:36:56.44869	1	146	126
237	Ike Ngwudo	40	11	\N	https://www.linkedin.com/in/ikemefunangwudo/	0	\N	25	32	2025-02-10 04:38:47.022374	2025-02-10 04:38:47.022374	1	59	\N
238	Michael Smith	40	11	\N	https://www.linkedin.com/in/michael-p-smith-cfa/	0	\N	25	32	2025-02-10 04:41:10.508661	2025-02-10 04:41:10.508661	1	101	58
239	Eli Ben-Shushan	39	11	\N	https://www.linkedin.com/in/eli-ben-shushan-759440140/	0	\N	25	32	2025-02-10 04:42:23.489744	2025-02-10 04:42:23.489744	1	\N	\N
240	Afreen Ghauri	39	11	302	https://www.linkedin.com/in/afreenghauri/	0	\N	25	32	2025-02-10 04:43:46.048353	2025-02-10 04:43:46.048353	1	\N	148
241	Zachary Hickey	39	11	\N	https://www.linkedin.com/in/zacharyhickey/	0	\N	25	32	2025-02-10 04:47:04.714804	2025-02-10 04:47:04.714804	1	\N	148
242	Jia Hu	39	11	\N		0	\N	25	32	2025-02-10 04:48:09.731759	2025-02-10 04:48:09.731759	1	\N	\N
243	Austin Muller	39	11	\N	https://www.linkedin.com/in/austinsmuller/	0	\N	25	32	2025-02-10 04:49:37.308452	2025-02-10 04:49:37.308452	1	212	\N
244	Sam Murphy	39	11	311	https://www.linkedin.com/in/smurphy9/	0	\N	25	32	2025-02-10 04:51:20.019844	2025-02-10 04:51:20.019844	1	\N	126
245	John Oh	39	11	\N	https://www.linkedin.com/in/johnjinoh/	0	\N	25	32	2025-02-10 04:52:19.713673	2025-02-10 04:52:19.713673	1	\N	148
246	Avika Saraf	39	11	\N	https://www.linkedin.com/in/avikasaraf/	0	\N	25	32	2025-02-10 04:53:45.753657	2025-02-10 04:53:45.753657	1	69	130
247	Sam Sadeghi	39	11	\N	https://www.linkedin.com/in/ssadeghi/	0	\N	25	32	2025-02-10 04:54:51.540957	2025-02-10 04:54:51.540957	1	\N	58
248	Greta Simons	39	11	2	https://www.linkedin.com/in/gretasimons/	0	\N	25	32	2025-02-10 04:56:14.491117	2025-02-10 04:56:14.491117	1	103	126
249	Max Spector	39	11	30	https://www.linkedin.com/in/max-spector/	0	\N	25	32	2025-02-10 04:57:25.92714	2025-02-10 04:57:25.92714	1	101	\N
250	Reena Xue	39	11	\N		0	\N	25	32	2025-02-10 04:59:59.3723	2025-02-10 04:59:59.3723	1	\N	\N
251	Joey Yu	22	252	11	https://www.linkedin.com/in/joey-yu-cfa-12540478/	0	\N	\N	5	2025-02-10 05:02:18.756476	2025-02-10 05:02:18.756476	4	128	195
252	Aintzane Aboitiz	38	11	\N	https://www.linkedin.com/in/aintzane-aboitiz-braun/	0	\N	25	32	2025-02-10 05:03:34.803431	2025-02-10 05:03:34.803431	1	122	\N
253	Eric Brand	38	11	\N	https://www.linkedin.com/in/eric-brand-86300a16a/	0	\N	25	32	2025-02-10 05:04:45.316018	2025-02-10 05:04:45.316018	1	79	\N
254	Oliver Effron	38	11	\N	https://www.linkedin.com/in/oliver-effron-39b9561b8/	0	\N	25	32	2025-02-10 05:05:44.924292	2025-02-10 05:05:44.924292	1	124	\N
255	Ryan Hering	38	11	\N	https://www.linkedin.com/in/ryanhering/	0	\N	25	32	2025-02-10 05:07:19.722678	2025-02-10 05:07:19.722678	1	185	\N
256	Jeanne Lauer	38	11	\N	https://www.linkedin.com/in/jeanne-lauer-96bbb01a5/	0	\N	25	32	2025-02-10 05:08:37.101972	2025-02-10 05:08:37.101972	1	53	\N
257	Starry Qie	38	11	\N	https://www.linkedin.com/in/starry-q/?trk=public_profile_browsemap	0	\N	25	32	2025-02-10 05:10:30.260482	2025-02-10 05:10:30.260482	1	95	\N
258	Grant Schwartz	38	11	\N	https://www.linkedin.com/in/grant-schwartz-943b46128/	0	\N	25	32	2025-02-10 05:11:25.964564	2025-02-10 05:11:25.964564	1	53	\N
259	Jenny Tan	38	11	\N	https://www.linkedin.com/in/jenny-tan-b61888150/	0	\N	25	32	2025-02-10 05:12:20.045408	2025-02-10 05:12:20.045408	1	122	\N
260	Jo Tong	38	11	\N	https://www.linkedin.com/in/jieyingtong/	0	\N	\N	32	2025-02-10 05:13:21.394488	2025-02-10 05:13:21.394488	1	95	\N
261	Naveen Vimalathas	38	11	\N	https://www.linkedin.com/in/naveen-vimalathas-1892121b4/	0	\N	25	32	2025-02-10 05:14:40.987396	2025-02-10 05:14:40.987396	1	79	\N
262	Eric Wu	38	11	\N	https://www.linkedin.com/in/wueric22/	0	\N	25	32	2025-02-10 05:15:36.632955	2025-02-10 05:15:36.632955	1	147	\N
263	Matthew Connelly	38	11	\N	https://www.linkedin.com/in/matthewgconnelly/	0	\N	25	32	2025-02-10 05:16:49.699487	2025-02-10 05:16:49.699487	1	79	\N
264	Margarita Demkina	38	11	\N	https://www.linkedin.com/in/margarita-demkina/	0	\N	25	32	2025-02-10 05:18:06.354706	2025-02-10 05:18:06.354706	1	125	\N
265	Mahamat Djour	38	11	\N	https://www.linkedin.com/in/mdjour/	0	\N	25	32	2025-02-10 05:20:54.375619	2025-02-10 05:21:09.391416	1	185	\N
266	Anne Fang	38	11	\N		0	\N	25	32	2025-02-10 05:24:15.304534	2025-02-10 05:24:15.304534	1	\N	\N
267	Dylan Fitzgerald	38	11	\N	https://www.linkedin.com/in/dylan-fitzgerald/	0	\N	25	32	2025-02-10 05:25:55.322471	2025-02-10 05:25:55.322471	1	185	\N
268	Noah Lin	38	11	\N	https://www.linkedin.com/in/noah--lin/	0	\N	25	32	2025-02-10 05:26:48.396348	2025-02-10 05:26:48.396348	1	191	\N
269	Arie Serrant	38	11	\N	https://www.linkedin.com/in/arieserrant/	0	\N	25	32	2025-02-10 05:28:11.722613	2025-02-10 05:28:11.722613	1	61	\N
270	Athena Wu	38	11	\N	https://www.linkedin.com/in/athena-w/	0	\N	25	32	2025-02-10 05:29:01.790371	2025-02-10 05:29:01.790371	1	93	\N
271	Angela Young	38	11	\N	https://www.linkedin.com/in/aqyang/	0	\N	25	32	2025-02-10 05:29:51.162409	2025-02-10 05:29:51.162409	1	129	\N
272	Lawrence Young	38	11	\N	https://www.linkedin.com/in/lawrencezyoung/	0	\N	25	32	2025-02-10 05:30:43.159001	2025-02-10 05:30:43.159001	1	105	\N
273	Mark Friedman	42	11	4		0	\N	26	32	2025-02-10 05:32:22.477547	2025-02-10 05:32:22.477547	1	101	95
274	Mark Whatley	42	11	4		0	\N	26	32	2025-02-10 05:33:26.053615	2025-02-10 05:33:26.053615	1	\N	106
275	Christopher Lynch	41	11	4		0	\N	26	32	2025-02-10 05:34:39.749543	2025-02-10 05:34:39.749543	1	204	80
276	Jon Weinstein	41	11	4		0	\N	26	32	2025-02-10 05:35:54.329762	2025-02-10 05:35:54.329762	1	61	\N
277	Jack Eshelman	41	11	6	https://www.linkedin.com/in/jackeshelman/	0	\N	26	32	2025-02-10 05:37:14.585513	2025-02-10 05:37:14.585513	1	77	180
27	Seth Fromer	41	11	\N	https://www.linkedin.com/in/seth-fromer-7899bb102/	0		16	32	2025-02-09 12:41:00	2025-02-09 13:17:00	1	136	126
278	James Black	3	330	\N	https://www.linkedin.com/in/james-black-64458367/	0	\N	175	32	2025-02-11 16:06:00.27432	2025-02-11 16:06:00.27432	1	\N	128
279	Timothy Tam	3	17	309	https://www.linkedin.com/in/timothyhtam/	0	\N	1	5	2025-02-11 16:47:21.584333	2025-02-11 16:47:21.584333	1	\N	128
280	Jessica Heller	3	15	\N	https://www.linkedin.com/in/jessica-sloane-heller/	0	\N	175	32	2025-02-11 16:49:11.119214	2025-02-11 16:49:11.119214	1	150	128
281	Mattia Lanzi	3	1	301	https://www.linkedin.com/in/mattialanzi/	0	\N	35	32	2025-02-11 16:51:50.529531	2025-02-11 16:51:50.529531	1	\N	128
282	Irene Jiang	3	9	\N	https://www.linkedin.com/in/irene-j/	0	\N	1	32	2025-02-11 16:53:15.920251	2025-02-11 16:53:15.920251	1	\N	128
283	Andrew Brown	3	1	\N	https://www.linkedin.com/in/andrew-brown-c/	0	\N	\N	32	2025-02-11 16:55:51.56806	2025-02-11 16:55:51.56806	1	65	128
284	Zoey Wang	3	1	\N		0	\N	32	32	2025-02-11 16:57:42.725322	2025-02-11 16:57:42.725322	1	105	128
285	Matthew Dingens	3	5	\N	https://www.linkedin.com/in/matthew-dingens-522b3546/	0	\N	81	32	2025-02-11 17:02:41.733437	2025-02-11 17:02:41.733437	1	\N	128
286	Finch Yuan	3	19	\N	https://www.linkedin.com/in/finch-yuan/	0	\N	\N	32	2025-02-11 17:16:48.183604	2025-02-11 17:16:48.183604	1	\N	128
287	Giancarlo Ladi	3	10	219	https://www.linkedin.com/in/giancarlo-junior-ladi/	0	\N	1	32	2025-02-11 17:21:49.485218	2025-02-11 17:21:49.485218	1	131	128
288	Gerardo Mendez	3	5	\N		0	\N	\N	\N	2025-02-11 17:27:20.669293	2025-02-11 17:27:20.669293	1	\N	128
289	Daniel Cellars	4	17	137	https://www.linkedin.com/in/danielcellars/	0	\N	12	32	2025-02-11 17:32:32.406387	2025-02-11 17:32:32.406387	1	\N	128
290	Habeeb Kazeem	3	18	\N	https://www.linkedin.com/in/habeelity/	0	\N	\N	32	2025-02-11 17:55:40.424789	2025-02-11 17:55:40.424789	1	\N	128
291	Pete Randaccio	4	35	1	https://www.linkedin.com/in/peterrandaccio/	0	\N	1	5	2025-02-11 18:00:13.507919	2025-02-11 18:00:13.507919	1	71	128
\.


--
-- Data for Name: flags; Type: TABLE DATA; Schema: public; Owner: student
--

COPY public.flags (id, flaggable_type, flaggable_id, user_id, reason, status, created_at, updated_at, text) FROM stdin;
\.


--
-- Data for Name: form_templates; Type: TABLE DATA; Schema: public; Owner: student
--

COPY public.form_templates (id, form_context, question_text, response_type, created_at, updated_at, position_type_id, "position") FROM stdin;
1	networking	How would you describe the tone of the conversation?	dropdown	2025-02-11 16:13:22.215715	2025-02-11 16:13:22.215715	1	1
3	networking	Were you asked any technical questions?	yes/no	2025-02-11 16:15:29.016242	2025-02-11 16:15:29.016242	1	2
4	networking	Were you asked about a deal?	yes/no	2025-02-11 16:15:45.674507	2025-02-11 16:15:45.674507	1	3
5	networking	Were you asked about a market trend?	yes/no	2025-02-11 16:17:17.626626	2025-02-11 16:17:17.626626	1	4
2	networking	How would you rate your interaction?	dropdown	2025-02-11 16:13:37.443419	2025-02-11 16:17:25.830205	1	5
6	networking	Were you referred to another colleague?	yes/no	2025-02-11 16:17:55.252451	2025-02-11 16:17:55.252451	1	6
7	interview	How would you describe the tone of the interview?	dropdown	2025-02-11 16:18:54.326428	2025-02-11 16:18:54.326428	1	1
8	interview	Were you asked about a deal?	yes/no	2025-02-11 16:19:15.102465	2025-02-11 16:19:15.102465	1	2
9	interview	Were you asked about a market trend?	yes/no	2025-02-11 16:19:29.257341	2025-02-11 16:19:29.257341	1	3
10	interview	Did you receive a job offer?	dropdown	2025-02-11 16:20:02.484813	2025-02-11 16:20:02.484813	1	7
11	interview	What was your overall impression of the interview?	dropdown	2025-02-11 16:21:12.142516	2025-02-11 16:21:12.142516	1	6
12	interview	How difficult were the technical questions?	dropdown	2025-02-11 16:21:38.820379	2025-02-11 16:21:38.820379	1	4
13	interview	Was this part of a superday or final round interview?	yes/no	2025-02-11 16:26:26.846755	2025-02-11 16:26:26.846755	1	5
\.


--
-- Data for Name: forum_comments; Type: TABLE DATA; Schema: public; Owner: student
--

COPY public.forum_comments (id, body, post_id, user_id, parent_id, created_at, updated_at) FROM stdin;
\.


--
-- Data for Name: forum_rooms; Type: TABLE DATA; Schema: public; Owner: student
--

COPY public.forum_rooms (id, name, description, created_at, updated_at) FROM stdin;
1	General Discussion	A place to talk about anything!	2025-02-04 17:22:01.233788	2025-02-04 17:22:01.233788
2	Tech Talk	Discuss the latest in technology.	2025-02-04 17:22:01.242564	2025-02-04 17:22:01.242564
3	Help Desk	Ask questions and get help.	2025-02-04 17:22:01.249559	2025-02-04 17:22:01.249559
\.


--
-- Data for Name: groups; Type: TABLE DATA; Schema: public; Owner: student
--

COPY public.groups (id, name, company_id, location_id, created_at, updated_at, position_type_id, position_type_default) FROM stdin;
1	TMT	\N	\N	2025-02-08 23:46:54.672292	2025-02-08 23:46:54.672292	1	t
2	Healthcare	\N	\N	2025-02-08 23:46:54.677001	2025-02-08 23:46:54.677001	1	t
3	M&A	\N	\N	2025-02-08 23:46:54.680321	2025-02-08 23:46:54.680321	1	t
4	LevFin	\N	\N	2025-02-08 23:46:54.684246	2025-02-08 23:46:54.684246	1	t
5	Restructuring	\N	\N	2025-02-08 23:46:54.687288	2025-02-08 23:46:54.687288	1	t
6	ECM	\N	\N	2025-02-08 23:46:54.693177	2025-02-08 23:46:54.693177	1	t
7	DCM	\N	\N	2025-02-08 23:46:54.698324	2025-02-08 23:46:54.698324	1	t
8	Private Capital Advisory	\N	\N	2025-02-08 23:46:54.701726	2025-02-08 23:46:54.701726	1	t
9	Financial Sponsors	\N	\N	2025-02-08 23:46:54.705472	2025-02-08 23:46:54.705472	1	t
10	FIG	\N	\N	2025-02-08 23:46:54.710296	2025-02-08 23:46:54.710296	1	t
11	Energy & Natural Resources	\N	\N	2025-02-08 23:46:54.713903	2025-02-08 23:46:54.713903	1	t
12	Consumer & Retail	\N	\N	2025-02-08 23:46:54.71916	2025-02-08 23:46:54.71916	1	t
13	Real Estate, Gaming, & Lodging	\N	\N	2025-02-08 23:46:54.722838	2025-02-08 23:46:54.722838	1	t
14	Public Sector & Infrastructure	\N	\N	2025-02-08 23:46:54.727198	2025-02-08 23:46:54.727198	1	t
15	Chemicals	11	32	2025-02-08 23:50:27.804131	2025-02-08 23:50:27.804131	1	f
16	Communications	11	32	2025-02-08 23:50:27.808212	2025-02-08 23:50:27.808212	1	f
17	Consumer / Retail	11	32	2025-02-08 23:50:27.811369	2025-02-08 23:50:27.811369	1	f
18	Financial Services	11	32	2025-02-08 23:50:27.815444	2025-02-08 23:50:27.815444	1	f
19	Healthcare	11	32	2025-02-08 23:50:27.819063	2025-02-08 23:50:27.819063	1	f
20	Industrials	11	32	2025-02-08 23:50:27.823013	2025-02-08 23:50:27.823013	1	f
21	Infrastructure, Utilities & Renewables (IUR)	11	32	2025-02-08 23:50:27.826382	2025-02-08 23:50:27.826382	1	f
22	Insurance	11	32	2025-02-08 23:50:27.829524	2025-02-08 23:50:27.829524	1	f
23	Information & Media	11	32	2025-02-08 23:50:27.834198	2025-02-08 23:50:27.834198	1	f
24	Metals, Materials & Mining	11	32	2025-02-08 23:50:27.83883	2025-02-08 23:50:27.83883	1	f
25	Technology	11	32	2025-02-08 23:50:27.848734	2025-02-08 23:50:27.848734	1	f
26	Transportation	11	32	2025-02-08 23:50:27.852402	2025-02-08 23:50:27.852402	1	f
27	Consumer / Retail	1	\N	2025-02-08 23:52:34.959455	2025-02-08 23:52:34.959455	1	f
28	Financial and Strategic Investors	1	\N	2025-02-08 23:52:34.963145	2025-02-08 23:52:34.963145	1	f
29	Financial Institutions	1	\N	2025-02-08 23:52:34.966491	2025-02-08 23:52:34.966491	1	f
30	Healthcare	1	\N	2025-02-08 23:52:34.97105	2025-02-08 23:52:34.97105	1	f
31	Industrials	1	\N	2025-02-08 23:52:34.974597	2025-02-08 23:52:34.974597	1	f
32	Natural Resources	1	\N	2025-02-08 23:52:34.978276	2025-02-08 23:52:34.978276	1	f
33	Public Sector and Infrastructure	1	\N	2025-02-08 23:52:34.981554	2025-02-08 23:52:34.981554	1	f
34	Real Estate	1	\N	2025-02-08 23:52:34.985293	2025-02-08 23:52:34.985293	1	f
35	TMT	1	\N	2025-02-08 23:52:34.989341	2025-02-08 23:52:34.989341	1	f
36	ECM	1	\N	2025-02-08 23:54:17.131436	2025-02-08 23:54:17.131436	1	f
37	Investment Grade Capital Markets	1	\N	2025-02-08 23:54:17.135547	2025-02-08 23:54:17.135547	1	f
38	Leveraged Finance Capital Markets	1	\N	2025-02-08 23:54:17.138729	2025-02-08 23:54:17.138729	1	f
39	Corporate Derivatives	1	\N	2025-02-08 23:54:17.142167	2025-02-08 23:54:17.142167	1	f
40	Structured Finance	1	\N	2025-02-08 23:54:17.145614	2025-02-08 23:54:17.145614	1	f
41	Real Estate Financing	1	\N	2025-02-08 23:54:17.148414	2025-02-08 23:54:17.148414	1	f
42	Sustainable Banking	1	\N	2025-02-08 23:54:17.151978	2025-02-08 23:54:17.151978	1	f
43	Consumer retail	2	\N	2025-02-08 23:56:17.425337	2025-02-08 23:56:17.425337	1	f
44	Energy and infrastructure	2	\N	2025-02-08 23:56:17.429361	2025-02-08 23:56:17.429361	1	f
45	Financial institutions	2	\N	2025-02-08 23:56:17.432886	2025-02-08 23:56:17.432886	1	f
46	Financial investors	2	\N	2025-02-08 23:56:17.436	2025-02-08 23:56:17.436	1	f
47	Healthcare	2	\N	2025-02-08 23:56:17.439768	2025-02-08 23:56:17.439768	1	f
48	Industrials	2	\N	2025-02-08 23:56:17.443011	2025-02-08 23:56:17.443011	1	f
49	Media and communications	2	\N	2025-02-08 23:56:17.448072	2025-02-08 23:56:17.448072	1	f
50	Public sector	2	\N	2025-02-08 23:56:17.452465	2025-02-08 23:56:17.452465	1	f
51	Real estate	2	\N	2025-02-08 23:56:17.456523	2025-02-08 23:56:17.456523	1	f
52	Technology	2	\N	2025-02-08 23:56:17.46004	2025-02-08 23:56:17.46004	1	f
53	Business Services	3	\N	2025-02-09 00:03:16.508172	2025-02-09 00:03:16.508172	1	f
54	Consumer Retail	3	\N	2025-02-09 00:03:16.512417	2025-02-09 00:03:16.512417	1	f
55	Financial Institutions	3	\N	2025-02-09 00:03:16.515969	2025-02-09 00:03:16.515969	1	f
56	Financial Sponsors	3	\N	2025-02-09 00:03:16.519505	2025-02-09 00:03:16.519505	1	f
57	Global Power & Utilities	3	\N	2025-02-09 00:03:16.522855	2025-02-09 00:03:16.522855	1	f
58	Healthcare	3	\N	2025-02-09 00:03:16.526724	2025-02-09 00:03:16.526724	1	f
59	Industrials	3	\N	2025-02-09 00:03:16.533371	2025-02-09 00:03:16.533371	1	f
60	Latin America	3	\N	2025-02-09 00:03:16.537364	2025-02-09 00:03:16.537364	1	f
61	Media & Communications	3	\N	2025-02-09 00:03:16.541604	2025-02-09 00:03:16.541604	1	f
62	M&A	3	\N	2025-02-09 00:03:16.5446	2025-02-09 00:03:16.5446	1	f
63	Oil & Gas	3	\N	2025-02-09 00:03:16.548223	2025-02-09 00:03:16.548223	1	f
64	Real Estate	3	\N	2025-02-09 00:03:16.551843	2025-02-09 00:03:16.551843	1	f
65	Shareholder Activism	3	\N	2025-02-09 00:03:16.556769	2025-02-09 00:03:16.556769	1	f
66	Transportation	3	\N	2025-02-09 00:03:16.56008	2025-02-09 00:03:16.56008	1	f
67	Technology	3	\N	2025-02-09 00:03:16.566738	2025-02-09 00:03:16.566738	1	f
68	M&A	4	\N	2025-02-09 00:06:01.98434	2025-02-09 00:06:01.98434	1	f
69	Consumer and retail	4	\N	2025-02-09 00:06:01.988447	2025-02-09 00:06:01.988447	1	f
70	Natural resources and energy transition	4	\N	2025-02-09 00:06:01.991483	2025-02-09 00:06:01.991483	1	f
71	Financial institutions	4	\N	2025-02-09 00:06:01.994834	2025-02-09 00:06:01.994834	1	f
72	Healthcare	4	\N	2025-02-09 00:06:01.998235	2025-02-09 00:06:01.998235	1	f
73	Industrials	4	\N	2025-02-09 00:06:02.001721	2025-02-09 00:06:02.001721	1	f
74	Real estate, gaming and lodging	4	\N	2025-02-09 00:06:02.005403	2025-02-09 00:06:02.005403	1	f
75	TMT	4	\N	2025-02-09 00:06:02.00854	2025-02-09 00:06:02.00854	1	f
76	Financial Sponsors	4	\N	2025-02-09 00:06:02.011597	2025-02-09 00:06:02.011597	1	f
77	Metals & Mining	5	\N	2025-02-09 00:11:59.726804	2025-02-09 00:11:59.726804	1	f
78	Consumer & Health	5	\N	2025-02-09 00:11:59.731408	2025-02-09 00:11:59.731408	1	f
79	Power, Utilities & Renewables Group	5	\N	2025-02-09 00:11:59.734756	2025-02-09 00:11:59.734756	1	f
80	M&A	5	\N	2025-02-09 00:11:59.738308	2025-02-09 00:11:59.738308	1	f
81	Tech	5	\N	2025-02-09 00:11:59.741609	2025-02-09 00:11:59.741609	1	f
82	Financial Sponsors	5	\N	2025-02-09 00:11:59.746223	2025-02-09 00:11:59.746223	1	f
83	Healthcare	8	\N	2025-02-09 00:14:09.775939	2025-02-09 00:14:09.775939	1	f
84	Industrials	8	\N	2025-02-09 00:14:09.780796	2025-02-09 00:14:09.780796	1	f
85	Financial Institutions	8	\N	2025-02-09 00:14:09.785864	2025-02-09 00:14:09.785864	1	f
86	Real Estate	8	\N	2025-02-09 00:14:09.79191	2025-02-09 00:14:09.79191	1	f
87	TMT	8	\N	2025-02-09 00:14:09.797448	2025-02-09 00:14:09.797448	1	f
88	Consumer Retail	8	\N	2025-02-09 00:14:09.802659	2025-02-09 00:14:09.802659	1	f
89	Infrastructure	8	\N	2025-02-09 00:14:09.808664	2025-02-09 00:14:09.808664	1	f
90	Energy Transition	8	\N	2025-02-09 00:14:09.821955	2025-02-09 00:14:09.821955	1	f
91	Financial Sponsors	8	\N	2025-02-09 00:14:09.825192	2025-02-09 00:14:09.825192	1	f
92	TMT	\N	\N	2025-02-09 00:16:28.868989	2025-02-09 00:16:28.868989	2	t
93	Healthcare	\N	\N	2025-02-09 00:16:28.872462	2025-02-09 00:16:28.872462	2	t
94	Consumer & Retail	\N	\N	2025-02-09 00:16:28.875703	2025-02-09 00:16:28.875703	2	t
95	Industrials	\N	\N	2025-02-09 00:16:28.879173	2025-02-09 00:16:28.879173	2	t
96	Financial Services	\N	\N	2025-02-09 00:16:28.882127	2025-02-09 00:16:28.882127	2	t
97	Energy & Infrastructure	\N	\N	2025-02-09 00:16:28.885494	2025-02-09 00:16:28.885494	2	t
98	Real Estate	\N	\N	2025-02-09 00:16:28.888203	2025-02-09 00:16:28.888203	2	t
99	Business Services	\N	\N	2025-02-09 00:16:28.891536	2025-02-09 00:16:28.891536	2	t
100	Growth Equity	\N	\N	2025-02-09 00:16:28.89501	2025-02-09 00:16:28.89501	2	t
101	Distressed / Special Situations	\N	\N	2025-02-09 00:16:28.898265	2025-02-09 00:16:28.898265	2	t
111	Technology	\N	\N	2025-02-09 00:20:39.568992	2025-02-09 00:20:39.568992	3	t
112	Healthcare & Life Sciences	\N	\N	2025-02-09 00:20:39.572647	2025-02-09 00:20:39.572647	3	t
113	Deep Tech & Frontier Tech	\N	\N	2025-02-09 00:20:39.575885	2025-02-09 00:20:39.575885	3	t
114	Consumer & Entertainment	\N	\N	2025-02-09 00:20:39.57933	2025-02-09 00:20:39.57933	3	t
115	Pre-Seed	\N	\N	2025-02-09 00:20:39.585741	2025-02-09 00:20:39.585741	3	t
116	Seed	\N	\N	2025-02-09 00:20:39.588477	2025-02-09 00:20:39.588477	3	t
117	Series A	\N	\N	2025-02-09 00:20:39.59224	2025-02-09 00:20:39.59224	3	t
118	Series B	\N	\N	2025-02-09 00:20:39.605807	2025-02-09 00:20:39.605807	3	t
119	Series C+	\N	\N	2025-02-09 00:20:39.612	2025-02-09 00:20:39.612	3	t
120	Technology	\N	\N	2025-02-09 00:22:20.010639	2025-02-09 00:22:20.010639	4	t
121	Healthcare & Life Sciences	\N	\N	2025-02-09 00:22:20.014329	2025-02-09 00:22:20.014329	4	t
122	Financial Services	\N	\N	2025-02-09 00:22:20.01768	2025-02-09 00:22:20.01768	4	t
123	Consumer & Retail	\N	\N	2025-02-09 00:22:20.021029	2025-02-09 00:22:20.021029	4	t
124	Energy & Infrastructure	\N	\N	2025-02-09 00:22:20.024322	2025-02-09 00:22:20.024322	4	t
125	Media, Entertainment, & Gaming	\N	\N	2025-02-09 00:22:20.032193	2025-02-09 00:22:20.032193	4	t
126	Industrial & Manufacturing	\N	\N	2025-02-09 00:22:20.04199	2025-02-09 00:22:20.04199	4	t
127	TMT	\N	\N	2025-02-09 00:23:59.164875	2025-02-09 00:23:59.164875	5	t
128	Healthcare & Biotech	\N	\N	2025-02-09 00:23:59.169145	2025-02-09 00:23:59.169145	5	t
129	Financial Services & Fintech	\N	\N	2025-02-09 00:23:59.17226	2025-02-09 00:23:59.17226	5	t
130	Energy & Natural Resources	\N	\N	2025-02-09 00:23:59.1757	2025-02-09 00:23:59.1757	5	t
131	Consumer, Retail & E-Commerce	\N	\N	2025-02-09 00:23:59.17883	2025-02-09 00:23:59.17883	5	t
132	Industrials & Aerospace	\N	\N	2025-02-09 00:23:59.182238	2025-02-09 00:23:59.182238	5	t
133	Real Estate & REITs	\N	\N	2025-02-09 00:23:59.186068	2025-02-09 00:23:59.186068	5	t
134	Global Macro & Multi-Industry	\N	\N	2025-02-09 00:23:59.19076	2025-02-09 00:23:59.19076	5	t
135	Long / Short	\N	\N	2025-02-09 00:23:59.196678	2025-02-09 00:23:59.196678	5	t
136	Quantitative	\N	\N	2025-02-09 00:23:59.200289	2025-02-09 00:23:59.200289	5	t
137	Long only	\N	\N	2025-02-09 00:24:43.312253	2025-02-09 00:24:43.312253	5	t
138	Short only	\N	\N	2025-02-09 00:24:43.315754	2025-02-09 00:24:43.315754	5	t
154	TMT	\N	\N	2025-02-09 00:29:22.349205	2025-02-09 00:29:22.349205	7	t
155	Healthcare & Life Sciences	\N	\N	2025-02-09 00:29:22.353283	2025-02-09 00:29:22.353283	7	t
156	Financial Services & Fintech	\N	\N	2025-02-09 00:29:22.356559	2025-02-09 00:29:22.356559	7	t
157	Energy & Natural Resources	\N	\N	2025-02-09 00:29:22.359881	2025-02-09 00:29:22.359881	7	t
158	Consumer, Retail & E-Commerce	\N	\N	2025-02-09 00:29:22.362965	2025-02-09 00:29:22.362965	7	t
159	Industrials & Manufacturing	\N	\N	2025-02-09 00:29:22.366413	2025-02-09 00:29:22.366413	7	t
160	Real Estate & REITs	\N	\N	2025-02-09 00:29:22.369854	2025-02-09 00:29:22.369854	7	t
161	TMT	\N	\N	2025-02-09 00:30:42.677026	2025-02-09 00:30:42.677026	8	t
162	Healthcare & Life Sciences	\N	\N	2025-02-09 00:30:42.680651	2025-02-09 00:30:42.680651	8	t
163	Financial Services	\N	\N	2025-02-09 00:30:42.686395	2025-02-09 00:30:42.686395	8	t
164	Fintech	\N	\N	2025-02-09 00:30:42.690527	2025-02-09 00:30:42.690527	8	t
165	Energy & Natural Resources	\N	\N	2025-02-09 00:30:42.695633	2025-02-09 00:30:42.695633	8	t
166	Consumer, Retail & E-Commerce	\N	\N	2025-02-09 00:30:42.701245	2025-02-09 00:30:42.701245	8	t
167	Industrials, Manufacturing & Aerospace	\N	\N	2025-02-09 00:30:42.716992	2025-02-09 00:30:42.716992	8	t
168	Real Estate & Infrastructure	\N	\N	2025-02-09 00:30:42.722289	2025-02-09 00:30:42.722289	8	t
169	Public Sector & Government	\N	\N	2025-02-09 00:30:42.728165	2025-02-09 00:30:42.728165	8	t
170	TMT	\N	\N	2025-02-09 00:32:06.210826	2025-02-09 00:32:06.210826	9	t
171	Healthcare & Life Sciences	\N	\N	2025-02-09 00:32:06.214569	2025-02-09 00:32:06.214569	9	t
172	Financial Services & Fintech	\N	\N	2025-02-09 00:32:06.218195	2025-02-09 00:32:06.218195	9	t
173	Energy & Industrials	\N	\N	2025-02-09 00:32:06.221774	2025-02-09 00:32:06.221774	9	t
174	Consumer, Retail & Real Estate	\N	\N	2025-02-09 00:32:06.22474	2025-02-09 00:32:06.22474	9	t
139	Buy Side	\N	\N	2025-02-09 00:27:52.033607	2025-02-09 00:27:52.033607	6	t
140	Sell Side	\N	\N	2025-02-09 00:27:52.037206	2025-02-09 00:27:52.037206	6	t
141	Equity	\N	\N	2025-02-09 00:27:52.040235	2025-02-09 00:27:52.040235	6	t
142	Fixed Income	\N	\N	2025-02-09 00:27:52.043195	2025-02-09 00:27:52.043195	6	t
143	Private Equity & Alternative Investments	\N	\N	2025-02-09 00:27:52.046709	2025-02-09 00:27:52.046709	6	t
144	Real Estate & REITs	\N	\N	2025-02-09 00:27:52.04991	2025-02-09 00:27:52.04991	6	t
145	Infrastructure	\N	\N	2025-02-09 00:27:52.052609	2025-02-09 00:27:52.052609	6	t
146	ESG	\N	\N	2025-02-09 00:27:52.056281	2025-02-09 00:27:52.056281	6	t
147	Multi-Asset	\N	\N	2025-02-09 00:27:52.060171	2025-02-09 00:27:52.060171	6	t
148	TMT	\N	\N	2025-02-09 00:27:52.066581	2025-02-09 00:27:52.066581	6	t
149	Healthcare & Life Sciences	\N	\N	2025-02-09 00:27:52.069785	2025-02-09 00:27:52.069785	6	t
150	Financial Services & Fintech	\N	\N	2025-02-09 00:27:52.073205	2025-02-09 00:27:52.073205	6	t
151	Energy & Natural Resources	\N	\N	2025-02-09 00:27:52.077383	2025-02-09 00:27:52.077383	6	t
152	Consumer, Retail, & E-Commerce	\N	\N	2025-02-09 00:27:52.081084	2025-02-09 00:27:52.081084	6	t
153	Industrials & Infrastructure	\N	\N	2025-02-09 00:27:52.084213	2025-02-09 00:27:52.084213	6	t
175	Generalist	\N	\N	2025-02-11 16:02:52.066896	2025-02-11 16:02:52.066896	1	t
\.


--
-- Data for Name: interview_coaches; Type: TABLE DATA; Schema: public; Owner: student
--

COPY public.interview_coaches (id, user_id, name, linkedin_url, industry, description, languages, other_industries, highlighted_job, created_at, updated_at) FROM stdin;
\.


--
-- Data for Name: item_ranks; Type: TABLE DATA; Schema: public; Owner: student
--

COPY public.item_ranks (id, item_id, tier_list_id, custom_values, rank, created_at, updated_at, user_id) FROM stdin;
1	2	1	[]	\N	2025-02-06 00:28:56.83479	2025-02-06 00:28:56.83479	1
\.


--
-- Data for Name: items; Type: TABLE DATA; Schema: public; Owner: student
--

COPY public.items (id, name, created_at, updated_at) FROM stdin;
2	Giraffe	2025-02-05 23:12:43.542949	2025-02-06 00:20:47.354005
\.


--
-- Data for Name: job_levels; Type: TABLE DATA; Schema: public; Owner: student
--

COPY public.job_levels (id, name, company_id, created_at, updated_at, level_rank, is_global_default, is_position_type_default, position_type_id) FROM stdin;
1	Intern	\N	2025-02-08 22:13:14.731269	2025-02-08 22:13:14.731269	0	f	t	1
2	Analyst	\N	2025-02-08 22:13:14.735887	2025-02-08 22:13:14.735887	1	f	t	1
3	Associate	\N	2025-02-08 22:13:14.739321	2025-02-08 22:13:14.739321	2	f	t	1
4	Vice President	\N	2025-02-08 22:13:14.74264	2025-02-08 22:13:14.74264	3	f	t	1
5	Executive Director	\N	2025-02-08 22:13:14.746247	2025-02-08 22:13:14.746247	4	f	t	1
6	Managing Director	\N	2025-02-08 22:13:14.749182	2025-02-08 22:13:14.749182	5	f	t	1
7	Intern	\N	2025-02-08 22:17:42.020426	2025-02-08 22:17:42.020426	0	f	t	2
8	Analyst	\N	2025-02-08 22:17:42.024149	2025-02-08 22:17:42.024149	1	f	t	2
9	Associate	\N	2025-02-08 22:17:42.027359	2025-02-08 22:17:42.027359	2	f	t	2
10	Vice President	\N	2025-02-08 22:17:42.030991	2025-02-08 22:17:42.030991	3	f	t	2
11	Principal	\N	2025-02-08 22:17:42.034382	2025-02-08 22:17:42.034382	4	f	t	2
12	Partner	\N	2025-02-08 22:17:42.038143	2025-02-08 22:17:42.038143	5	f	t	2
13	Intern	\N	2025-02-08 22:18:42.415532	2025-02-08 22:18:42.415532	0	f	t	3
14	Analyst	\N	2025-02-08 22:18:42.419311	2025-02-08 22:18:42.419311	1	f	t	3
15	Associate	\N	2025-02-08 22:18:42.422599	2025-02-08 22:18:42.422599	2	f	t	3
16	Senior Associate	\N	2025-02-08 22:18:42.426096	2025-02-08 22:18:42.426096	3	f	t	3
17	Principal	\N	2025-02-08 22:18:42.429141	2025-02-08 22:18:42.429141	4	f	t	3
18	Partner	\N	2025-02-08 22:18:42.432103	2025-02-08 22:18:42.432103	5	f	t	3
19	Intern	\N	2025-02-08 22:19:53.256813	2025-02-08 22:19:53.256813	0	f	t	4
20	Analyst	\N	2025-02-08 22:19:53.26128	2025-02-08 22:19:53.26128	1	f	t	4
21	Associate	\N	2025-02-08 22:19:53.266294	2025-02-08 22:19:53.266294	2	f	t	4
22	Manager	\N	2025-02-08 22:19:53.271134	2025-02-08 22:19:53.271134	3	f	t	4
23	Director	\N	2025-02-08 22:19:53.275637	2025-02-08 22:19:53.275637	4	f	t	4
24	Vice President	\N	2025-02-08 22:19:53.279677	2025-02-08 22:19:53.279677	5	f	t	4
25	Intern	\N	2025-02-08 22:38:12.957855	2025-02-08 22:38:12.957855	0	f	t	6
26	Analyst	\N	2025-02-08 22:38:12.961777	2025-02-08 22:38:12.961777	1	f	t	6
27	Associate	\N	2025-02-08 22:38:12.965542	2025-02-08 22:38:12.965542	2	f	t	6
28	Senior Associate	\N	2025-02-08 22:38:12.968972	2025-02-08 22:38:12.968972	3	f	t	6
29	Portfolio Manager	\N	2025-02-08 22:38:12.971769	2025-02-08 22:38:12.971769	4	f	t	6
30	Director	\N	2025-02-08 22:38:12.975515	2025-02-08 22:38:12.975515	5	f	t	6
31	Intern	\N	2025-02-08 22:44:44.11668	2025-02-08 22:44:44.11668	0	f	t	7
32	Analyst	\N	2025-02-08 22:44:44.12071	2025-02-08 22:44:44.12071	1	f	t	7
33	Senior Analyst / Associate	\N	2025-02-08 22:44:44.124419	2025-02-08 22:44:44.124419	2	f	t	7
34	Manager	\N	2025-02-08 22:44:44.129676	2025-02-08 22:44:44.129676	3	f	t	7
35	Director	\N	2025-02-08 22:44:44.134025	2025-02-08 22:44:44.134025	4	f	t	7
36	Vice President	\N	2025-02-08 22:44:44.138872	2025-02-08 22:44:44.138872	5	f	t	7
37	Intern	11	2025-02-08 22:46:51.434978	2025-02-08 22:46:51.434978	0	f	f	1
38	Analyst	11	2025-02-08 22:46:51.440973	2025-02-08 22:46:51.440973	1	f	f	1
39	Associate	11	2025-02-08 22:46:51.444349	2025-02-08 22:46:51.444349	2	f	f	1
40	Vice President	11	2025-02-08 22:46:51.448187	2025-02-08 22:46:51.448187	3	f	f	1
41	Managing Director	11	2025-02-08 22:46:51.451631	2025-02-08 22:46:51.451631	4	f	f	1
42	Senior Managing Director	11	2025-02-08 22:46:51.455097	2025-02-08 22:46:51.455097	5	f	f	1
43	Intern	\N	2025-02-08 22:48:47.929663	2025-02-08 22:48:47.929663	0	f	t	8
44	Analyst	\N	2025-02-08 22:48:47.933506	2025-02-08 22:48:47.933506	1	f	t	8
45	Associate	\N	2025-02-08 22:48:47.938456	2025-02-08 22:48:47.938456	2	f	t	8
46	Manager	\N	2025-02-08 22:48:47.941625	2025-02-08 22:48:47.941625	3	f	t	8
47	Director	\N	2025-02-08 22:48:47.945277	2025-02-08 22:48:47.945277	4	f	t	8
48	Partner	\N	2025-02-08 22:48:47.950289	2025-02-08 22:48:47.950289	5	f	t	8
49	Intern	\N	2025-02-08 23:28:16.359975	2025-02-08 23:28:16.359975	0	t	f	\N
50	Analyst	\N	2025-02-08 23:28:16.364332	2025-02-08 23:28:16.364332	1	t	f	\N
51	Senior Analyst / Associate	\N	2025-02-08 23:28:16.367493	2025-02-08 23:28:16.367493	2	t	f	\N
52	Manager	\N	2025-02-08 23:28:16.371113	2025-02-08 23:28:16.371113	3	t	f	\N
53	Director	\N	2025-02-08 23:28:16.374776	2025-02-08 23:28:16.374776	4	t	f	\N
54	Vice President	\N	2025-02-08 23:28:16.378587	2025-02-08 23:28:16.378587	5	t	f	\N
\.


--
-- Data for Name: locations; Type: TABLE DATA; Schema: public; Owner: student
--

COPY public.locations (id, name, created_at, updated_at) FROM stdin;
1	Alabama	2025-02-08 19:56:39.317011	2025-02-08 19:56:39.317011
2	Alaska	2025-02-08 19:56:39.322621	2025-02-08 19:56:39.322621
3	Arizona	2025-02-08 19:56:39.326352	2025-02-08 19:56:39.326352
4	Arkansas	2025-02-08 19:56:39.33008	2025-02-08 19:56:39.33008
5	California	2025-02-08 19:56:39.333929	2025-02-08 19:56:39.333929
6	Colorado	2025-02-08 19:56:39.337611	2025-02-08 19:56:39.337611
7	Connecticut	2025-02-08 19:56:39.341294	2025-02-08 19:56:39.341294
8	Delaware	2025-02-08 19:56:39.345579	2025-02-08 19:56:39.345579
9	Florida	2025-02-08 19:56:39.355968	2025-02-08 19:56:39.355968
10	Georgia	2025-02-08 19:56:39.359789	2025-02-08 19:56:39.359789
11	Hawaii	2025-02-08 19:56:39.363428	2025-02-08 19:56:39.363428
12	Idaho	2025-02-08 19:56:39.367366	2025-02-08 19:56:39.367366
13	Illinois	2025-02-08 19:56:39.37093	2025-02-08 19:56:39.37093
14	Indiana	2025-02-08 19:56:39.378897	2025-02-08 19:56:39.378897
15	Iowa	2025-02-08 19:56:39.382713	2025-02-08 19:56:39.382713
16	Kansas	2025-02-08 19:56:39.386844	2025-02-08 19:56:39.386844
17	Kentucky	2025-02-08 19:56:39.390734	2025-02-08 19:56:39.390734
18	Louisiana	2025-02-08 19:56:39.39454	2025-02-08 19:56:39.39454
19	Maine	2025-02-08 19:56:39.40026	2025-02-08 19:56:39.40026
20	Maryland	2025-02-08 19:56:39.412272	2025-02-08 19:56:39.412272
21	Massachusetts	2025-02-08 19:56:39.417306	2025-02-08 19:56:39.417306
22	Michigan	2025-02-08 19:56:39.420951	2025-02-08 19:56:39.420951
23	Minnesota	2025-02-08 19:56:39.424911	2025-02-08 19:56:39.424911
24	Mississippi	2025-02-08 19:56:39.428898	2025-02-08 19:56:39.428898
25	Missouri	2025-02-08 19:56:39.432366	2025-02-08 19:56:39.432366
26	Montana	2025-02-08 19:56:39.436167	2025-02-08 19:56:39.436167
27	Nebraska	2025-02-08 19:56:39.439703	2025-02-08 19:56:39.439703
28	Nevada	2025-02-08 19:56:39.443551	2025-02-08 19:56:39.443551
29	New Hampshire	2025-02-08 19:56:39.447261	2025-02-08 19:56:39.447261
30	New Jersey	2025-02-08 19:56:39.450835	2025-02-08 19:56:39.450835
31	New Mexico	2025-02-08 19:56:39.454814	2025-02-08 19:56:39.454814
32	New York	2025-02-08 19:56:39.459303	2025-02-08 19:56:39.459303
33	North Carolina	2025-02-08 19:56:39.464092	2025-02-08 19:56:39.464092
34	North Dakota	2025-02-08 19:56:39.467712	2025-02-08 19:56:39.467712
35	Ohio	2025-02-08 19:56:39.471575	2025-02-08 19:56:39.471575
36	Oklahoma	2025-02-08 19:56:39.475293	2025-02-08 19:56:39.475293
37	Oregon	2025-02-08 19:56:39.478958	2025-02-08 19:56:39.478958
38	Pennsylvania	2025-02-08 19:56:39.485004	2025-02-08 19:56:39.485004
39	Rhode Island	2025-02-08 19:56:39.490939	2025-02-08 19:56:39.490939
40	South Carolina	2025-02-08 19:56:39.496009	2025-02-08 19:56:39.496009
41	South Dakota	2025-02-08 19:56:39.499775	2025-02-08 19:56:39.499775
42	Tennessee	2025-02-08 19:56:39.50327	2025-02-08 19:56:39.50327
43	Texas	2025-02-08 19:56:39.507024	2025-02-08 19:56:39.507024
44	Utah	2025-02-08 19:56:39.511287	2025-02-08 19:56:39.511287
45	Vermont	2025-02-08 19:56:39.514877	2025-02-08 19:56:39.514877
46	Virginia	2025-02-08 19:56:39.519913	2025-02-08 19:56:39.519913
47	Washington	2025-02-08 19:56:39.523858	2025-02-08 19:56:39.523858
48	West Virginia	2025-02-08 19:56:39.527831	2025-02-08 19:56:39.527831
49	Wisconsin	2025-02-08 19:56:39.531865	2025-02-08 19:56:39.531865
50	Wyoming	2025-02-08 19:56:39.535687	2025-02-08 19:56:39.535687
51	London	2025-02-08 19:56:39.539347	2025-02-08 19:56:39.539347
52	India	2025-02-08 19:56:39.543012	2025-02-08 19:56:39.543012
53	Other	2025-02-08 19:56:39.546829	2025-02-08 19:56:39.546829
\.


--
-- Data for Name: mock_interview_profiles; Type: TABLE DATA; Schema: public; Owner: student
--

COPY public.mock_interview_profiles (id, user_id, first_name, recruiting_for, technical_prep_level, organization, linkedin_url, preferred_language, english_proficiency, created_at, updated_at, reliability_metric, time_zone, no_show_count, late_count, total_completes) FROM stdin;
\.


--
-- Data for Name: mock_interviews; Type: TABLE DATA; Schema: public; Owner: student
--

COPY public.mock_interviews (id, start_date, start_time, status, created_by_id, accepted_by_id, created_at, updated_at, time_zone, check_date_time, creator_reliability_flag, acceptor_reliability_flag) FROM stdin;
\.


--
-- Data for Name: page_associations; Type: TABLE DATA; Schema: public; Owner: student
--

COPY public.page_associations (id, page_id, tier_list_id, association_type, metadata, created_at, updated_at, employee_view_id) FROM stdin;
\.


--
-- Data for Name: pages; Type: TABLE DATA; Schema: public; Owner: student
--

COPY public.pages (id, name, slug, parent_id, created_by, category, short_description, about, created_at, updated_at) FROM stdin;
2	Evercore	evercore	1	1	Banking	Evercore is a leading global independent investment banking advisory firm, specializing in mergers and acquisitions (M&A), capital raising, restructuring, and strategic advisory. Founded in 1995, the firm has advised on over $4.7 trillion in transactions.\r\n	Evercore has experienced tremendous growth, emerging as a top-tier M&A advisor and now competes neck and neck with Morgan Stanley for the #3 spot in overall M&A transaction size, behind only Goldman Sachs and JPMorgan. The firm is known for its high-profile deals, strong compensation, and elite exit opportunities, making it one of the most attractive destinations for ambitious finance professionals. However, Evercore is also recognized for its demanding culture and long hoursintense even by investment banking standards.	2025-02-11 19:36:56.311645	2025-02-12 03:18:32.120914
1	Investment Banking	investment-banking	\N	1	Banking	Investment banking offers fast-paced, high-stakes work, helping companies raise capital, execute mergers and acquisitions, and navigate major financial transactions. While the job comes with long hours and intense pressure, it also provides high compensation, top-tier exit opportunities, and exposure to complex deals and executive decision-making. Many investment bankers leverage their experience to move into private equity, hedge funds, venture capital, or corporate leadership, making it a premier career path for ambitious finance professionals.	Investment banks act as financial advisors and intermediaries, helping companies raise capital through stock and bond offerings. They also guide businesses through mergers, acquisitions, and corporate restructuring to support growth and efficiency.\r\n\r\nInvestment banks are typically divided into product groups and industry groups:\r\n\r\n- Product Groups specialize in a type of transaction, such as Mergers & Acquisitions (M&A), Equity Capital Markets (ECM), and Debt Capital Markets (DCM). These teams focus on structuring and executing deals, regardless of the industry.\r\n- Industry Groups focus on specific sectors, such as Technology, Healthcare, Energy, and Consumer & Retail. They develop deep industry expertise and work alongside product teams to execute deals.\r\n\r\nMost investment bankers work on the sell side, advising companies that are raising capital or selling themselves especially helping businesses find buyers for a sale or strategic exit. The sell side is more common because companies selling themselves generate more certain fees compared to the buy side, where a company may or may not complete an acquisition.\r\n\r\nThe buy side is less common in investment banking but involves working with private equity firms, hedge funds, and asset managers to evaluate potential acquisitions or investments. Unlike the sell side, where fees are typically transaction-based, the buy side involves more selective deal-making, with firms conducting extensive due diligence before deciding to buy a company or asset.	2025-02-11 19:30:59.078199	2025-02-12 03:18:07.247395
\.


--
-- Data for Name: position_types; Type: TABLE DATA; Schema: public; Owner: student
--

COPY public.position_types (id, name, description, created_at, updated_at) FROM stdin;
1	Investment Banking	\N	2025-02-08 16:22:19.464887	2025-02-08 16:22:19.464887
2	Private Equity		2025-02-08 19:46:15.3241	2025-02-08 19:46:15.3241
3	Venture Capital		2025-02-08 19:46:23.30504	2025-02-08 19:46:23.30504
4	Corporate Development		2025-02-08 19:46:30.661357	2025-02-08 19:46:30.661357
5	Hedge Fund		2025-02-08 19:46:57.704658	2025-02-08 19:46:57.704658
6	Investment Management		2025-02-08 19:47:09.186807	2025-02-08 19:47:09.186807
7	FP&A		2025-02-08 19:47:19.032631	2025-02-08 19:47:19.032631
8	Consulting		2025-02-08 19:47:25.853327	2025-02-08 19:47:25.853327
9	Other		2025-02-08 19:47:34.44186	2025-02-08 19:47:34.44186
\.


--
-- Data for Name: posts; Type: TABLE DATA; Schema: public; Owner: student
--

COPY public.posts (id, title, body, forum_room_id, user_id, created_at, updated_at) FROM stdin;
\.


--
-- Data for Name: question_packet_memberships; Type: TABLE DATA; Schema: public; Owner: student
--

COPY public.question_packet_memberships (id, question_id, question_packet_id, created_at, updated_at) FROM stdin;
\.


--
-- Data for Name: question_packets; Type: TABLE DATA; Schema: public; Owner: student
--

COPY public.question_packets (id, name, created_at, updated_at) FROM stdin;
\.


--
-- Data for Name: questions; Type: TABLE DATA; Schema: public; Owner: student
--

COPY public.questions (id, question_text, answer_choice_1, answer_choice_2, answer_choice_3, answer_choice_4, correct_answer, explanation_text, technical, behavior, category, position_type_id, difficulty_level, related_organization, question_link, question_link_order, created_at, updated_at, related_group) FROM stdin;
1	What usually happens to company valuations when the federal reserve increases the fed funds rate? Valuations typically:	Increase, because higher rates signal a stronger economy and higher corporate earnings	Remain unchanged, since valuations are primarily driven by company fundamentals	Decrease, because higher discount rates reduce the present value of future cash flows	Fluctuate randomly, as interest rates have no predictable impact on valuations	3	When interest rates rise, the Weighted Average Cost of Capital (WACC) increases due to:\r\n\r\nHigher cost of debt  Borrowing becomes more expensive as interest rates go up, making it costlier for companies to finance operations with debt.\r\n\r\nHigher cost of equity  According to the Capital Asset Pricing Model (CAPM), when risk-free rates (like Treasury yields) increase, investors demand higher returns on stocks, raising the cost of equity.\r\n\r\nSince valuations depend on discounting future cash flows, a higher WACC means future earnings are discounted at a higher rate, lowering their present value. This impact is especially strong for growth stocks, which rely on long-term earnings projections.	t	f	Interest Rates	1	2	Barclays		\N	2025-02-08 16:25:58.072162	2025-02-08 16:28:27.746206	Tech
\.


--
-- Data for Name: questions_users; Type: TABLE DATA; Schema: public; Owner: student
--

COPY public.questions_users (id, question_id, user_id, starred, created_at, updated_at) FROM stdin;
\.


--
-- Data for Name: ratings; Type: TABLE DATA; Schema: public; Owner: student
--

COPY public.ratings (id, employee_id, user_id, form_context, responses, comment, created_at, updated_at) FROM stdin;
1	278	1	interview	{"7": "Casual and Friendly", "8": "no", "9": "no", "10": "No", "11": "Positive", "12": "Hard", "13": "no"}	I had spoken to James in a networking call and a Centerview dinner previously. The interview questions were hard but fair, and made me think outside of the box. For example, he asked about how I would improve the Enterprise Value for the University I go to, and ran through different scenarios of 'if this happened, how would this impact Enterprise Value'. I got flustered a bit and made some math mistakes (probably why I didn't make it to the next round), but he did a good job guiding me to the correct answer when I got suck.	2025-02-11 16:31:39.030673	2025-02-11 16:31:39.030673
2	278	1	networking	{"1": "Casual and Friendly", "2": "Positive", "3": "no", "4": "no", "5": "no", "6": "yes"}	James was very engaged and friendly during my networking call. I mostly led the networking call and asked him basic questions about his work at Centerview, such as "How does Centerview compare to other banks" what was the "Most interesting deal you have been a part of?". One thing to note, I asked him about his previous background in music which he did not seem to like, so I would avoid that topic unless you actually know something about music.	2025-02-11 16:41:46.603973	2025-02-11 16:41:46.603973
3	284	1	networking	{"1": "Casual and Friendly", "2": "Positive", "3": "no", "4": "no", "5": "yes", "6": "yes"}	This was my first coffee chat during the recruiting cycle. I was a bit nervous but she was friendly and nice. It was a typical coffee chat where I asked most of the questions, asking about what she likes to do in NY, her job at GS, etc... I fumbled a lot when she asked about a market trend, as I was not fully prepared for that question, but she was nice and did not seem to care that much that I was not fully prepared for the question.	2025-02-11 17:06:39.367469	2025-02-11 17:06:39.367469
4	285	1	networking	{"1": "Casual and Friendly", "2": "Positive", "3": "no", "4": "no", "5": "yes", "6": "yes"}	We mainly spoke about his work in software and the different trends in the industry. He did most of the talking, and I just asked follow up questions to what he was talking about.	2025-02-11 17:09:41.950518	2025-02-11 17:09:41.950518
5	286	1	networking	{"1": "Casual and Friendly", "2": "Positive", "3": "no", "4": "no", "5": "no", "6": "yes"}	Finch was very nice and was easy to talk to. He asked a decent number of questions and seemed genuinely interested into what I had to say. The questions were mostly around why I wanted to do banking and why I was interested in Greenhill.	2025-02-11 17:19:15.197416	2025-02-11 17:19:15.197416
6	287	1	networking	{"1": "Tense or Confrontational", "2": "Negative", "3": "no", "4": "yes", "5": "yes", "6": "yes"}	My conversation with Giancarlo was intense. He asked tough questions asking me to describe a deal and a related market trend. There were multiple follow ups going deep into the financials and strategic rationale for the deal.	2025-02-11 17:23:47.560184	2025-02-11 17:23:47.560184
7	288	1	networking	{"1": "Unengaged", "2": "Neutral", "3": "no", "4": "no", "5": "no", "6": "yes"}	Overall, average conversation. The chat was over Zoom and he was working on other stuff the entire time.	2025-02-11 17:29:04.354091	2025-02-11 17:29:04.354091
8	289	1	networking	{"1": "Casual and Friendly", "2": "Very Positive", "3": "no", "4": "no", "5": "yes", "6": "no"}	Asked about his experience on the consumer team and what he enjoyed most about the team. He was very engaged and gave thoughtful answers to all my questions. I ended up using some of the details he gave me in my interview with PWP later, such as the group's focus on working with client's long term, almost serving as exclusive banking advisor to several large brands.	2025-02-11 17:37:29.273574	2025-02-11 17:37:29.273574
9	289	1	interview	{"7": "Professional", "8": "yes", "9": "yes", "10": "Yes", "11": "Positive", "12": "Medium", "13": "yes"}	I had several parts to the PWP final round interview, with each interviewer focused on different things. Daniel was focused on technical questions. The technical questions involved mostlty merger math questions which had multi parts. The questions were not hard but they were multipart with a lot of moving parts.	2025-02-11 17:40:30.994197	2025-02-11 17:40:30.994197
\.


--
-- Data for Name: schema_migrations; Type: TABLE DATA; Schema: public; Owner: student
--

COPY public.schema_migrations (version) FROM stdin;
20250203183853
20250203174455
20250203174147
20250203173218
20250203172009
20250202230142
20250131164634
20250128221219
20250128220650
20250128215917
20250128215016
20250128183345
20250128175352
20250128142942
20250128142810
20250128023204
20250128022203
20250128022112
20250122221427
20250121024312
20250121012347
20250121011347
20250120183055
20250120022524
20250120022409
20250120014711
20250119234747
20250119230953
20250118050019
20250118014452
20250117044945
20250117043812
20250117005209
20250115000041
20250114234015
20250114224847
20250114055825
20250114054141
20250113211357
20250113193142
20250113193056
20250113185643
20250112045321
20250111040115
20250111005345
20250111004613
20250111004413
20250110005355
20250109233552
20250109153837
20250108212119
20250108210656
20250108203532
20250108203400
20250108202714
20250108191926
20250107220510
20250107192050
20250107191111
20250107180711
20250107180315
20250107173524
20250107164417
20250107164337
20250107163648
20250105012034
20250105011759
20250105011546
20250105011404
20250105011256
20250105010839
20250105010629
20250105010347
20250105005426
20250104205326
20250104040032
20250103211721
20250102153124
20250101202902
20250101200705
20241231135017
20241231122525
20241231003132
20241231000036
20241230225132
20241230120049
20250202230831
20250208160945
\.


--
-- Data for Name: schools; Type: TABLE DATA; Schema: public; Owner: student
--

COPY public.schools (id, name, created_at, updated_at, undergraduate, mba, other_graduate, other) FROM stdin;
52	Amherst College	2025-02-09 03:02:11.782838	2025-02-09 03:02:11.782838	t	f	t	f
53	Harvard University	2025-02-09 03:02:11.789395	2025-02-09 03:02:11.789395	t	f	t	f
54	Harvard Business School	2025-02-09 03:02:11.793545	2025-02-09 03:02:11.793545	f	t	f	f
56	Holy Cross	2025-02-09 03:02:11.80117	2025-02-09 03:02:11.80117	t	f	f	f
57	Georgetown	2025-02-09 03:02:11.80461	2025-02-09 03:02:11.80461	t	f	t	f
58	Georgetown McDonough	2025-02-09 03:02:11.80835	2025-02-09 03:02:11.80835	f	t	f	f
59	Dartmouth	2025-02-09 03:02:11.819267	2025-02-09 03:02:11.819267	t	f	t	f
60	Tuck School of Business	2025-02-09 03:02:11.82309	2025-02-09 03:02:11.82309	f	t	f	f
61	Cornell	2025-02-09 03:02:11.82716	2025-02-09 03:02:11.82716	t	f	t	f
62	S.C. Johnson Graduate School of Management	2025-02-09 03:02:11.831045	2025-02-09 03:02:11.831045	f	t	f	f
63	Vanderbilt University	2025-02-09 03:02:11.834537	2025-02-09 03:02:11.834537	t	f	t	f
64	Owen Graduate School of Management	2025-02-09 03:02:11.838402	2025-02-09 03:02:11.838402	f	t	f	f
65	Washington University in St. Louis	2025-02-09 03:02:11.842187	2025-02-09 03:02:11.842187	t	f	t	f
66	Olin Business School	2025-02-09 03:02:11.845761	2025-02-09 03:02:11.845761	f	t	f	f
67	Emory University	2025-02-09 03:02:11.849756	2025-02-09 03:02:11.849756	t	f	t	f
68	Goizueta School of Business	2025-02-09 03:02:11.85361	2025-02-09 03:02:11.85361	f	t	f	f
69	University of California--Berkeley	2025-02-09 03:02:11.857517	2025-02-09 03:02:11.857517	t	f	t	f
70	Haas School of Business	2025-02-09 03:02:11.867257	2025-02-09 03:02:11.867257	f	t	f	f
71	University of Southern California	2025-02-09 03:02:11.872784	2025-02-09 03:02:11.872784	t	f	t	f
72	USC Marshall School of Business	2025-02-09 03:02:11.876962	2025-02-09 03:02:11.876962	f	t	f	f
73	Carnegie Mellon University	2025-02-09 03:02:11.881278	2025-02-09 03:02:11.881278	t	f	t	f
74	Tepper School of Business	2025-02-09 03:02:11.885912	2025-02-09 03:02:11.885912	f	t	f	f
75	University of California--Los Angeles	2025-02-09 03:02:11.889544	2025-02-09 03:02:11.889544	t	f	t	f
76	UCLA Anderson School of Management	2025-02-09 03:02:11.893548	2025-02-09 03:02:11.893548	f	t	f	f
77	University of Virginia	2025-02-09 03:02:11.897422	2025-02-09 03:02:11.897422	t	f	t	f
78	UVA Darden School of Business	2025-02-09 03:02:11.900879	2025-02-09 03:02:11.900879	f	t	f	f
79	University of Michigan	2025-02-09 03:02:11.904617	2025-02-09 03:02:11.904617	t	f	t	f
80	Ross School of Business	2025-02-09 03:02:11.908329	2025-02-09 03:02:11.908329	f	t	f	f
81	Wake Forest University	2025-02-09 03:02:11.912313	2025-02-09 03:02:11.912313	t	f	t	f
82	Wake Forest University School of Business	2025-02-09 03:02:11.917082	2025-02-09 03:02:11.917082	f	t	f	f
83	University of North Carolina--Chapel Hill	2025-02-09 03:02:11.923254	2025-02-09 03:02:11.923254	t	f	t	f
84	UNC Kenan-Flagler Business School	2025-02-09 03:02:11.927783	2025-02-09 03:02:11.927783	f	t	f	f
85	Boston College	2025-02-09 03:02:11.931773	2025-02-09 03:02:11.931773	t	f	t	f
86	Carroll School of Management	2025-02-09 03:02:11.935894	2025-02-09 03:02:11.935894	f	t	f	f
87	College of William & Mary	2025-02-09 03:02:11.93944	2025-02-09 03:02:11.93944	t	f	t	f
88	Mason School of Business	2025-02-09 03:02:11.945493	2025-02-09 03:02:11.945493	f	t	f	f
89	University of Rochester	2025-02-09 03:02:11.950271	2025-02-09 03:02:11.950271	t	f	t	f
90	Simon Business School	2025-02-09 03:02:11.954151	2025-02-09 03:02:11.954151	f	t	f	f
91	Brandeis University	2025-02-09 03:02:11.958132	2025-02-09 03:02:11.958132	t	f	t	f
92	Brandeis International Business School	2025-02-09 03:02:11.961826	2025-02-09 03:02:11.961826	f	t	f	f
93	Georgia Institute of Technology	2025-02-09 03:02:11.965717	2025-02-09 03:02:11.965717	t	f	t	f
94	Scheller College of Business	2025-02-09 03:02:11.970202	2025-02-09 03:02:11.970202	f	t	f	f
95	New York University	2025-02-09 03:02:11.975244	2025-02-09 03:02:11.975244	t	f	t	f
96	NYU Stern School of Business	2025-02-09 03:02:11.979058	2025-02-09 03:02:11.979058	f	t	f	f
97	Fordham University	2025-02-09 03:02:11.98318	2025-02-09 03:02:11.98318	t	f	t	f
98	Fordham Gabelli School of Business	2025-02-09 03:02:11.987316	2025-02-09 03:02:11.987316	f	t	f	f
99	Syracuse University	2025-02-09 03:02:11.990999	2025-02-09 03:02:11.990999	t	f	t	f
100	Whitman School of Management	2025-02-09 03:02:11.994989	2025-02-09 03:02:11.994989	f	t	f	f
101	Rutgers University	2025-02-09 03:02:12.000502	2025-02-09 03:02:12.000502	t	f	t	f
102	Rutgers Business School	2025-02-09 03:02:12.004313	2025-02-09 03:02:12.004313	f	t	f	f
103	George Washington University	2025-02-09 03:02:12.008141	2025-02-09 03:02:12.008141	t	f	t	f
104	GW School of Business	2025-02-09 03:02:12.011704	2025-02-09 03:02:12.011704	f	t	f	f
105	University of Texas	2025-02-09 03:02:12.015628	2025-02-09 03:02:12.015628	t	f	t	f
106	McCombs School of Business	2025-02-09 03:02:12.020382	2025-02-09 03:02:12.020382	f	t	f	f
107	University of Florida	2025-02-09 03:02:12.025081	2025-02-09 03:02:12.025081	t	f	t	f
108	UF Warrington College of Business	2025-02-09 03:02:12.028798	2025-02-09 03:02:12.028798	f	t	f	f
109	Southern Methodist University	2025-02-09 03:02:12.032833	2025-02-09 03:02:12.032833	t	f	t	f
110	Cox School of Business	2025-02-09 03:02:12.036837	2025-02-09 03:02:12.036837	f	t	f	f
111	Babson College	2025-02-09 03:02:12.040531	2025-02-09 03:02:12.040531	t	t	t	f
112	Bentley University	2025-02-09 03:02:12.044535	2025-02-09 03:02:12.044535	t	t	t	f
113	Tufts University	2025-02-09 03:02:12.048165	2025-02-09 03:02:12.048165	t	f	t	f
114	Brown University	2025-02-09 03:02:12.052931	2025-02-09 03:02:12.052931	t	f	t	f
115	Rice University	2025-02-09 03:02:12.057262	2025-02-09 03:02:12.057262	t	f	t	f
116	Jones Graduate School of Business	2025-02-09 03:02:12.060865	2025-02-09 03:02:12.060865	f	t	f	f
117	California Institute of Technology	2025-02-09 03:02:12.064849	2025-02-09 03:02:12.064849	t	f	t	f
118	Johns Hopkins	2025-02-09 03:02:12.069183	2025-02-09 03:02:12.069183	t	f	t	f
119	Johns Hopkins Carey Business School	2025-02-09 03:02:12.072808	2025-02-09 03:02:12.072808	f	t	f	f
120	Stanford University	2025-02-09 03:02:12.077735	2025-02-09 03:02:12.077735	t	f	t	f
121	Stanford Graduate School of Business	2025-02-09 03:02:12.081866	2025-02-09 03:02:12.081866	f	t	f	f
122	Yale University	2025-02-09 03:02:12.085586	2025-02-09 03:02:12.085586	t	f	t	f
123	Yale School of Management	2025-02-09 03:02:12.089554	2025-02-09 03:02:12.089554	f	t	f	f
124	Princeton University	2025-02-09 03:02:12.093643	2025-02-09 03:02:12.093643	t	f	t	f
125	Columbia University	2025-02-09 03:02:12.097264	2025-02-09 03:02:12.097264	t	f	t	f
126	Columbia Business School	2025-02-09 03:02:12.100987	2025-02-09 03:02:12.100987	f	t	f	f
127	University of Chicago	2025-02-09 03:02:12.104907	2025-02-09 03:02:12.104907	t	f	t	f
128	Booth School of Business	2025-02-09 03:02:12.108492	2025-02-09 03:02:12.108492	f	t	f	f
129	Massachusetts Institute of Technology (MIT)	2025-02-09 03:02:12.112514	2025-02-09 03:02:12.112514	t	f	t	f
130	MIT Sloan School of Management	2025-02-09 03:02:12.11687	2025-02-09 03:02:12.11687	f	t	f	f
131	The London School of Economics and Political Science	2025-02-09 03:10:41.699325	2025-02-09 03:10:41.699325	t	f	t	f
132	University of Cambridge	2025-02-09 03:16:44.118352	2025-02-09 03:16:44.118352	t	f	t	f
134	University of Oxford	2025-02-09 03:17:03.923628	2025-02-09 03:17:03.923628	t	f	t	f
135	Oxford MBA Sad Business School	2025-02-09 03:17:14.329164	2025-02-09 03:17:14.329164	f	t	f	f
136	The University of Pennsylvania	2025-02-09 03:20:08.750381	2025-02-09 03:20:08.750381	t	f	t	f
137	The Wharton School of the University of Pennsylvania	2025-02-09 03:20:16.75943	2025-02-09 03:20:16.75943	f	t	f	f
138	London Business School	2025-02-09 03:28:11.304032	2025-02-09 03:28:11.304032	t	t	t	f
140	Williams College	2025-02-09 03:48:58.981865	2025-02-09 13:20:33.344364	t	f	t	f
139	Villanova University	2025-02-09 03:46:32.419843	2025-02-09 13:20:34.187915	t	t	t	f
141	University of Toronto	2025-02-09 12:34:59.491451	2025-02-09 12:34:59.491451	t	f	t	f
142	Boston University	2025-02-09 12:44:59.540611	2025-02-09 12:44:59.540611	t	f	t	f
143	Boston University Questrom School of Business	2025-02-09 12:45:14.158786	2025-02-09 12:45:14.158786	f	t	f	f
144	University of Georgia	2025-02-09 12:49:13.026906	2025-02-09 12:49:13.026906	t	f	t	f
145	Terry College of Business	2025-02-09 12:49:52.204821	2025-02-09 12:49:52.204821	f	t	f	f
146	Elon University	2025-02-09 12:53:46.173566	2025-02-09 12:53:46.173566	t	f	t	f
147	University of Pennsylvania	2025-02-09 13:20:33.357253	2025-02-09 13:20:33.36225	t	f	t	f
148	Wharton School	2025-02-09 13:20:33.669085	2025-02-09 13:20:33.673277	f	t	f	f
149	Dartmouth College	2025-02-09 13:20:33.678012	2025-02-09 13:20:33.681705	t	f	t	f
150	Northwestern University	2025-02-09 13:20:33.691132	2025-02-09 13:20:33.69525	t	f	t	f
151	Kellogg School of Management	2025-02-09 13:20:33.699787	2025-02-09 13:20:33.703951	f	t	f	f
204	Howard University	2025-02-09 13:58:52.049665	2025-02-09 13:58:52.049665	t	t	t	f
205	University of Illinois	2025-02-09 18:46:13.707861	2025-02-09 18:46:13.707861	t	f	t	f
154	London Business School (LBS)	2025-02-09 13:20:33.733067	2025-02-09 13:20:33.737908	f	t	t	f
155	Indian Institute of Technology (IIT)	2025-02-09 13:20:33.742615	2025-02-09 13:20:33.746758	t	f	t	f
156	Indian Institute of Management Ahmedabad (IIM Ahmedabad)	2025-02-09 13:20:33.751252	2025-02-09 13:20:33.75627	f	t	t	f
157	Indian Institute of Management Bangalore (IIM Bangalore)	2025-02-09 13:20:33.761053	2025-02-09 13:20:33.765058	f	t	t	f
158	Indian Institute of Management Calcutta (IIM Calcutta)	2025-02-09 13:20:33.769472	2025-02-09 13:20:33.773556	f	t	t	f
159	Indian School of Business (ISB)	2025-02-09 13:20:33.778848	2025-02-09 13:20:33.783825	f	t	t	f
160	HEC Paris	2025-02-09 13:20:33.790134	2025-02-09 13:20:33.795843	f	t	t	f
161	INSEAD	2025-02-09 13:20:33.801727	2025-02-09 13:20:33.805885	f	t	t	f
162	University of London	2025-02-09 13:20:33.810721	2025-02-09 13:20:33.81439	t	f	t	f
163	Rotman School of Management	2025-02-09 13:20:33.822723	2025-02-09 13:20:33.826443	f	t	f	f
164	University of Melbourne	2025-02-09 13:20:33.831493	2025-02-09 13:20:33.837307	t	f	t	f
165	Melbourne Business School	2025-02-09 13:20:33.842451	2025-02-09 13:20:33.846526	f	t	f	f
166	University of Sydney	2025-02-09 13:20:33.850875	2025-02-09 13:20:33.855058	t	f	t	f
167	Australian Graduate School of Management	2025-02-09 13:20:33.859972	2025-02-09 13:20:33.863961	f	t	f	f
168	National University of Singapore (NUS)	2025-02-09 13:20:33.868491	2025-02-09 13:20:33.873097	t	f	t	f
169	NUS Business School	2025-02-09 13:20:33.878227	2025-02-09 13:20:33.88481	f	t	f	f
170	University of Hong Kong	2025-02-09 13:20:33.889518	2025-02-09 13:20:33.893283	t	f	t	f
171	HKU Business School	2025-02-09 13:20:33.898756	2025-02-09 13:20:33.902875	f	t	f	f
172	Seoul National University	2025-02-09 13:20:33.90758	2025-02-09 13:20:33.911242	t	f	t	f
173	KAIST Business School	2025-02-09 13:20:33.915905	2025-02-09 13:20:33.919961	f	t	f	f
174	University of Tokyo	2025-02-09 13:20:33.925014	2025-02-09 13:20:33.928861	t	f	t	f
175	Tokyo Business School	2025-02-09 13:20:33.934436	2025-02-09 13:20:33.938564	f	t	f	f
176	University of British Columbia	2025-02-09 13:20:33.943465	2025-02-09 13:20:33.947512	t	f	t	f
177	Sauder School of Business	2025-02-09 13:20:33.952058	2025-02-09 13:20:33.95618	f	t	f	f
178	Duke University	2025-02-09 13:20:33.960623	2025-02-09 13:20:33.964328	t	f	t	f
179	Fuqua School of Business	2025-02-09 13:20:33.968994	2025-02-09 13:20:33.973386	f	t	f	f
180	Darden School of Business	2025-02-09 13:20:33.98177	2025-02-09 13:20:33.985841	f	t	f	f
181	Cornell University	2025-02-09 13:20:33.996977	2025-02-09 13:20:34.001047	t	f	t	f
182	Johnson Graduate School of Management	2025-02-09 13:20:34.00579	2025-02-09 13:20:34.009571	f	t	f	f
183	University of California, Berkeley	2025-02-09 13:20:34.014252	2025-02-09 13:20:34.022315	t	f	t	f
184	Stern School of Business	2025-02-09 13:20:34.042722	2025-02-09 13:20:34.048768	f	t	f	f
185	University of Notre Dame	2025-02-09 13:20:34.056312	2025-02-09 13:20:34.062116	t	f	t	f
186	Mendoza College of Business	2025-02-09 13:20:34.06809	2025-02-09 13:20:34.073453	f	t	f	f
187	Goizueta Business School	2025-02-09 13:20:34.081425	2025-02-09 13:20:34.085982	f	t	f	f
188	University of Texas at Austin	2025-02-09 13:20:34.091593	2025-02-09 13:20:34.095718	t	f	t	f
189	Carleton College	2025-02-09 13:20:34.103599	2025-02-09 13:20:34.107685	t	f	t	f
190	Swarthmore College	2025-02-09 13:20:34.115517	2025-02-09 13:20:34.11954	t	f	t	f
191	Wesleyan University	2025-02-09 13:20:34.124317	2025-02-09 13:20:34.128097	t	f	t	f
192	Davidson College	2025-02-09 13:20:34.133163	2025-02-09 13:20:34.138019	t	f	t	f
193	Bowdoin College	2025-02-09 13:20:34.142749	2025-02-09 13:20:34.146906	t	f	t	f
194	Middlebury College	2025-02-09 13:20:34.151624	2025-02-09 13:20:34.155514	t	f	t	f
195	Claremont McKenna College	2025-02-09 13:20:34.160366	2025-02-09 13:20:34.164457	t	f	t	f
196	Haverford College	2025-02-09 13:20:34.168899	2025-02-09 13:20:34.172984	t	f	t	f
197	Washington and Lee University	2025-02-09 13:20:34.178104	2025-02-09 13:20:34.182977	t	f	t	f
198	Colgate University	2025-02-09 13:20:34.192679	2025-02-09 13:20:34.196619	t	f	t	f
199	University of Richmond	2025-02-09 13:20:34.201503	2025-02-09 13:20:34.206166	t	f	t	f
133	Cambridge Judge Business School	2025-02-09 03:16:53.417166	2025-02-09 13:20:34.218314	t	f	t	f
200	Other	2025-02-09 13:20:34.226847	2025-02-09 13:20:34.232025	t	t	t	t
201	Ohio State University	2025-02-09 13:53:23.310028	2025-02-09 13:53:23.310028	t	f	t	f
202	Ohio State University Fisher College of Business	2025-02-09 13:54:56.492621	2025-02-09 13:54:56.492621	f	t	f	f
203	Morehouse College	2025-02-09 13:58:42.598065	2025-02-09 13:58:42.598065	t	f	t	f
206	Indiana University	2025-02-09 19:32:28.539421	2025-02-09 19:32:28.539421	t	f	t	f
207	Indiana University Kelley School of Business	2025-02-09 19:32:47.634762	2025-02-09 19:32:47.634762	f	t	f	f
208	Suny Binghamton	2025-02-09 19:49:35.190878	2025-02-09 19:49:35.190878	t	f	t	f
209	Penn State University	2025-02-10 01:06:21.777512	2025-02-10 01:06:21.777512	t	f	t	f
210	Penn State Smeal College of Business	2025-02-10 01:06:33.405107	2025-02-10 01:06:33.405107	f	t	f	f
211	Northeastern University	2025-02-10 01:21:01.616948	2025-02-10 01:21:01.616948	t	f	t	f
212	University of Miami	2025-02-10 03:10:54.91044	2025-02-10 03:10:54.91044	t	f	t	f
213	Naval Academy	2025-02-10 04:20:56.113777	2025-02-10 04:20:56.113777	t	f	t	f
214	West Point	2025-02-10 04:21:00	2025-02-10 04:21:00	t	f	t	f
\.


--
-- Data for Name: tier_list_templates; Type: TABLE DATA; Schema: public; Owner: student
--

COPY public.tier_list_templates (id, name, short_description, custom_fields, created_by_id, created_at, updated_at, tag) FROM stdin;
\.


--
-- Data for Name: tier_lists; Type: TABLE DATA; Schema: public; Owner: student
--

COPY public.tier_lists (id, name, description, published, custom_fields, created_at, updated_at, tier_list_template_id, category) FROM stdin;
1	Testing again		t	\N	2025-02-04 22:04:05.352875	2025-02-04 22:04:07.797336	\N	Consulting
\.


--
-- Data for Name: users; Type: TABLE DATA; Schema: public; Owner: student
--

COPY public.users (id, user_name, admin, email, encrypted_password, reset_password_token, reset_password_sent_at, remember_created_at, created_at, updated_at, is_interview_coach) FROM stdin;
1	jake_the_tank	t	jspitz77@gmail.com	$2a$12$dMe6S3f7kjv3F2LruxFZUeiG4qaqYz07VEHlUU4VBT.UAlYhqBlRW	\N	\N	2025-02-08 16:07:46.822189	2025-02-04 20:50:00.503307	2025-02-08 16:07:46.823845	f
\.


--
-- Name: active_storage_attachments_id_seq; Type: SEQUENCE SET; Schema: public; Owner: student
--

SELECT pg_catalog.setval('public.active_storage_attachments_id_seq', 13, true);


--
-- Name: active_storage_blobs_id_seq; Type: SEQUENCE SET; Schema: public; Owner: student
--

SELECT pg_catalog.setval('public.active_storage_blobs_id_seq', 13, true);


--
-- Name: active_storage_variant_records_id_seq; Type: SEQUENCE SET; Schema: public; Owner: student
--

SELECT pg_catalog.setval('public.active_storage_variant_records_id_seq', 1, false);


--
-- Name: career_aggregate_jobs_id_seq; Type: SEQUENCE SET; Schema: public; Owner: student
--

SELECT pg_catalog.setval('public.career_aggregate_jobs_id_seq', 1, false);


--
-- Name: career_compensations_id_seq; Type: SEQUENCE SET; Schema: public; Owner: student
--

SELECT pg_catalog.setval('public.career_compensations_id_seq', 1, true);


--
-- Name: career_jobs_id_seq; Type: SEQUENCE SET; Schema: public; Owner: student
--

SELECT pg_catalog.setval('public.career_jobs_id_seq', 1, true);


--
-- Name: comments_id_seq; Type: SEQUENCE SET; Schema: public; Owner: student
--

SELECT pg_catalog.setval('public.comments_id_seq', 1, false);


--
-- Name: companies_id_seq; Type: SEQUENCE SET; Schema: public; Owner: student
--

SELECT pg_catalog.setval('public.companies_id_seq', 331, true);


--
-- Name: employee_views_employees_id_seq; Type: SEQUENCE SET; Schema: public; Owner: student
--

SELECT pg_catalog.setval('public.employee_views_employees_id_seq', 563, true);


--
-- Name: employee_views_id_seq; Type: SEQUENCE SET; Schema: public; Owner: student
--

SELECT pg_catalog.setval('public.employee_views_id_seq', 2, true);


--
-- Name: employees_id_seq; Type: SEQUENCE SET; Schema: public; Owner: student
--

SELECT pg_catalog.setval('public.employees_id_seq', 291, true);


--
-- Name: flags_id_seq; Type: SEQUENCE SET; Schema: public; Owner: student
--

SELECT pg_catalog.setval('public.flags_id_seq', 1, false);


--
-- Name: form_templates_id_seq; Type: SEQUENCE SET; Schema: public; Owner: student
--

SELECT pg_catalog.setval('public.form_templates_id_seq', 13, true);


--
-- Name: forum_comments_id_seq; Type: SEQUENCE SET; Schema: public; Owner: student
--

SELECT pg_catalog.setval('public.forum_comments_id_seq', 1, false);


--
-- Name: forum_rooms_id_seq; Type: SEQUENCE SET; Schema: public; Owner: student
--

SELECT pg_catalog.setval('public.forum_rooms_id_seq', 3, true);


--
-- Name: groups_id_seq; Type: SEQUENCE SET; Schema: public; Owner: student
--

SELECT pg_catalog.setval('public.groups_id_seq', 175, true);


--
-- Name: interview_coaches_id_seq; Type: SEQUENCE SET; Schema: public; Owner: student
--

SELECT pg_catalog.setval('public.interview_coaches_id_seq', 1, false);


--
-- Name: item_ranks_id_seq; Type: SEQUENCE SET; Schema: public; Owner: student
--

SELECT pg_catalog.setval('public.item_ranks_id_seq', 1, true);


--
-- Name: items_id_seq; Type: SEQUENCE SET; Schema: public; Owner: student
--

SELECT pg_catalog.setval('public.items_id_seq', 2, true);


--
-- Name: job_levels_id_seq; Type: SEQUENCE SET; Schema: public; Owner: student
--

SELECT pg_catalog.setval('public.job_levels_id_seq', 54, true);


--
-- Name: locations_id_seq; Type: SEQUENCE SET; Schema: public; Owner: student
--

SELECT pg_catalog.setval('public.locations_id_seq', 53, true);


--
-- Name: mock_interview_profiles_id_seq; Type: SEQUENCE SET; Schema: public; Owner: student
--

SELECT pg_catalog.setval('public.mock_interview_profiles_id_seq', 1, false);


--
-- Name: mock_interviews_id_seq; Type: SEQUENCE SET; Schema: public; Owner: student
--

SELECT pg_catalog.setval('public.mock_interviews_id_seq', 1, false);


--
-- Name: page_associations_id_seq; Type: SEQUENCE SET; Schema: public; Owner: student
--

SELECT pg_catalog.setval('public.page_associations_id_seq', 1, false);


--
-- Name: pages_id_seq; Type: SEQUENCE SET; Schema: public; Owner: student
--

SELECT pg_catalog.setval('public.pages_id_seq', 2, true);


--
-- Name: position_types_id_seq; Type: SEQUENCE SET; Schema: public; Owner: student
--

SELECT pg_catalog.setval('public.position_types_id_seq', 9, true);


--
-- Name: posts_id_seq; Type: SEQUENCE SET; Schema: public; Owner: student
--

SELECT pg_catalog.setval('public.posts_id_seq', 1, false);


--
-- Name: question_packet_memberships_id_seq; Type: SEQUENCE SET; Schema: public; Owner: student
--

SELECT pg_catalog.setval('public.question_packet_memberships_id_seq', 1, false);


--
-- Name: question_packets_id_seq; Type: SEQUENCE SET; Schema: public; Owner: student
--

SELECT pg_catalog.setval('public.question_packets_id_seq', 1, false);


--
-- Name: questions_id_seq; Type: SEQUENCE SET; Schema: public; Owner: student
--

SELECT pg_catalog.setval('public.questions_id_seq', 1, true);


--
-- Name: questions_users_id_seq; Type: SEQUENCE SET; Schema: public; Owner: student
--

SELECT pg_catalog.setval('public.questions_users_id_seq', 1, false);


--
-- Name: ratings_id_seq; Type: SEQUENCE SET; Schema: public; Owner: student
--

SELECT pg_catalog.setval('public.ratings_id_seq', 9, true);


--
-- Name: schools_id_seq; Type: SEQUENCE SET; Schema: public; Owner: student
--

SELECT pg_catalog.setval('public.schools_id_seq', 214, true);


--
-- Name: tier_list_templates_id_seq; Type: SEQUENCE SET; Schema: public; Owner: student
--

SELECT pg_catalog.setval('public.tier_list_templates_id_seq', 1, false);


--
-- Name: tier_lists_id_seq; Type: SEQUENCE SET; Schema: public; Owner: student
--

SELECT pg_catalog.setval('public.tier_lists_id_seq', 1, true);


--
-- Name: users_id_seq; Type: SEQUENCE SET; Schema: public; Owner: student
--

SELECT pg_catalog.setval('public.users_id_seq', 1, true);


--
-- Name: active_storage_attachments active_storage_attachments_pkey; Type: CONSTRAINT; Schema: public; Owner: student
--

ALTER TABLE ONLY public.active_storage_attachments
    ADD CONSTRAINT active_storage_attachments_pkey PRIMARY KEY (id);


--
-- Name: active_storage_blobs active_storage_blobs_pkey; Type: CONSTRAINT; Schema: public; Owner: student
--

ALTER TABLE ONLY public.active_storage_blobs
    ADD CONSTRAINT active_storage_blobs_pkey PRIMARY KEY (id);


--
-- Name: active_storage_variant_records active_storage_variant_records_pkey; Type: CONSTRAINT; Schema: public; Owner: student
--

ALTER TABLE ONLY public.active_storage_variant_records
    ADD CONSTRAINT active_storage_variant_records_pkey PRIMARY KEY (id);


--
-- Name: ar_internal_metadata ar_internal_metadata_pkey; Type: CONSTRAINT; Schema: public; Owner: student
--

ALTER TABLE ONLY public.ar_internal_metadata
    ADD CONSTRAINT ar_internal_metadata_pkey PRIMARY KEY (key);


--
-- Name: career_aggregate_jobs career_aggregate_jobs_pkey; Type: CONSTRAINT; Schema: public; Owner: student
--

ALTER TABLE ONLY public.career_aggregate_jobs
    ADD CONSTRAINT career_aggregate_jobs_pkey PRIMARY KEY (id);


--
-- Name: career_compensations career_compensations_pkey; Type: CONSTRAINT; Schema: public; Owner: student
--

ALTER TABLE ONLY public.career_compensations
    ADD CONSTRAINT career_compensations_pkey PRIMARY KEY (id);


--
-- Name: career_jobs career_jobs_pkey; Type: CONSTRAINT; Schema: public; Owner: student
--

ALTER TABLE ONLY public.career_jobs
    ADD CONSTRAINT career_jobs_pkey PRIMARY KEY (id);


--
-- Name: comments comments_pkey; Type: CONSTRAINT; Schema: public; Owner: student
--

ALTER TABLE ONLY public.comments
    ADD CONSTRAINT comments_pkey PRIMARY KEY (id);


--
-- Name: companies companies_pkey; Type: CONSTRAINT; Schema: public; Owner: student
--

ALTER TABLE ONLY public.companies
    ADD CONSTRAINT companies_pkey PRIMARY KEY (id);


--
-- Name: employee_views_employees employee_views_employees_pkey; Type: CONSTRAINT; Schema: public; Owner: student
--

ALTER TABLE ONLY public.employee_views_employees
    ADD CONSTRAINT employee_views_employees_pkey PRIMARY KEY (id);


--
-- Name: employee_views employee_views_pkey; Type: CONSTRAINT; Schema: public; Owner: student
--

ALTER TABLE ONLY public.employee_views
    ADD CONSTRAINT employee_views_pkey PRIMARY KEY (id);


--
-- Name: employees employees_pkey; Type: CONSTRAINT; Schema: public; Owner: student
--

ALTER TABLE ONLY public.employees
    ADD CONSTRAINT employees_pkey PRIMARY KEY (id);


--
-- Name: flags flags_pkey; Type: CONSTRAINT; Schema: public; Owner: student
--

ALTER TABLE ONLY public.flags
    ADD CONSTRAINT flags_pkey PRIMARY KEY (id);


--
-- Name: form_templates form_templates_pkey; Type: CONSTRAINT; Schema: public; Owner: student
--

ALTER TABLE ONLY public.form_templates
    ADD CONSTRAINT form_templates_pkey PRIMARY KEY (id);


--
-- Name: forum_comments forum_comments_pkey; Type: CONSTRAINT; Schema: public; Owner: student
--

ALTER TABLE ONLY public.forum_comments
    ADD CONSTRAINT forum_comments_pkey PRIMARY KEY (id);


--
-- Name: forum_rooms forum_rooms_pkey; Type: CONSTRAINT; Schema: public; Owner: student
--

ALTER TABLE ONLY public.forum_rooms
    ADD CONSTRAINT forum_rooms_pkey PRIMARY KEY (id);


--
-- Name: groups groups_pkey; Type: CONSTRAINT; Schema: public; Owner: student
--

ALTER TABLE ONLY public.groups
    ADD CONSTRAINT groups_pkey PRIMARY KEY (id);


--
-- Name: interview_coaches interview_coaches_pkey; Type: CONSTRAINT; Schema: public; Owner: student
--

ALTER TABLE ONLY public.interview_coaches
    ADD CONSTRAINT interview_coaches_pkey PRIMARY KEY (id);


--
-- Name: item_ranks item_ranks_pkey; Type: CONSTRAINT; Schema: public; Owner: student
--

ALTER TABLE ONLY public.item_ranks
    ADD CONSTRAINT item_ranks_pkey PRIMARY KEY (id);


--
-- Name: items items_pkey; Type: CONSTRAINT; Schema: public; Owner: student
--

ALTER TABLE ONLY public.items
    ADD CONSTRAINT items_pkey PRIMARY KEY (id);


--
-- Name: job_levels job_levels_pkey; Type: CONSTRAINT; Schema: public; Owner: student
--

ALTER TABLE ONLY public.job_levels
    ADD CONSTRAINT job_levels_pkey PRIMARY KEY (id);


--
-- Name: locations locations_pkey; Type: CONSTRAINT; Schema: public; Owner: student
--

ALTER TABLE ONLY public.locations
    ADD CONSTRAINT locations_pkey PRIMARY KEY (id);


--
-- Name: mock_interview_profiles mock_interview_profiles_pkey; Type: CONSTRAINT; Schema: public; Owner: student
--

ALTER TABLE ONLY public.mock_interview_profiles
    ADD CONSTRAINT mock_interview_profiles_pkey PRIMARY KEY (id);


--
-- Name: mock_interviews mock_interviews_pkey; Type: CONSTRAINT; Schema: public; Owner: student
--

ALTER TABLE ONLY public.mock_interviews
    ADD CONSTRAINT mock_interviews_pkey PRIMARY KEY (id);


--
-- Name: page_associations page_associations_pkey; Type: CONSTRAINT; Schema: public; Owner: student
--

ALTER TABLE ONLY public.page_associations
    ADD CONSTRAINT page_associations_pkey PRIMARY KEY (id);


--
-- Name: pages pages_pkey; Type: CONSTRAINT; Schema: public; Owner: student
--

ALTER TABLE ONLY public.pages
    ADD CONSTRAINT pages_pkey PRIMARY KEY (id);


--
-- Name: position_types position_types_pkey; Type: CONSTRAINT; Schema: public; Owner: student
--

ALTER TABLE ONLY public.position_types
    ADD CONSTRAINT position_types_pkey PRIMARY KEY (id);


--
-- Name: posts posts_pkey; Type: CONSTRAINT; Schema: public; Owner: student
--

ALTER TABLE ONLY public.posts
    ADD CONSTRAINT posts_pkey PRIMARY KEY (id);


--
-- Name: question_packet_memberships question_packet_memberships_pkey; Type: CONSTRAINT; Schema: public; Owner: student
--

ALTER TABLE ONLY public.question_packet_memberships
    ADD CONSTRAINT question_packet_memberships_pkey PRIMARY KEY (id);


--
-- Name: question_packets question_packets_pkey; Type: CONSTRAINT; Schema: public; Owner: student
--

ALTER TABLE ONLY public.question_packets
    ADD CONSTRAINT question_packets_pkey PRIMARY KEY (id);


--
-- Name: questions questions_pkey; Type: CONSTRAINT; Schema: public; Owner: student
--

ALTER TABLE ONLY public.questions
    ADD CONSTRAINT questions_pkey PRIMARY KEY (id);


--
-- Name: questions_users questions_users_pkey; Type: CONSTRAINT; Schema: public; Owner: student
--

ALTER TABLE ONLY public.questions_users
    ADD CONSTRAINT questions_users_pkey PRIMARY KEY (id);


--
-- Name: ratings ratings_pkey; Type: CONSTRAINT; Schema: public; Owner: student
--

ALTER TABLE ONLY public.ratings
    ADD CONSTRAINT ratings_pkey PRIMARY KEY (id);


--
-- Name: schema_migrations schema_migrations_pkey; Type: CONSTRAINT; Schema: public; Owner: student
--

ALTER TABLE ONLY public.schema_migrations
    ADD CONSTRAINT schema_migrations_pkey PRIMARY KEY (version);


--
-- Name: schools schools_pkey; Type: CONSTRAINT; Schema: public; Owner: student
--

ALTER TABLE ONLY public.schools
    ADD CONSTRAINT schools_pkey PRIMARY KEY (id);


--
-- Name: tier_list_templates tier_list_templates_pkey; Type: CONSTRAINT; Schema: public; Owner: student
--

ALTER TABLE ONLY public.tier_list_templates
    ADD CONSTRAINT tier_list_templates_pkey PRIMARY KEY (id);


--
-- Name: tier_lists tier_lists_pkey; Type: CONSTRAINT; Schema: public; Owner: student
--

ALTER TABLE ONLY public.tier_lists
    ADD CONSTRAINT tier_lists_pkey PRIMARY KEY (id);


--
-- Name: users users_pkey; Type: CONSTRAINT; Schema: public; Owner: student
--

ALTER TABLE ONLY public.users
    ADD CONSTRAINT users_pkey PRIMARY KEY (id);


--
-- Name: index_active_storage_attachments_on_blob_id; Type: INDEX; Schema: public; Owner: student
--

CREATE INDEX index_active_storage_attachments_on_blob_id ON public.active_storage_attachments USING btree (blob_id);


--
-- Name: index_active_storage_attachments_uniqueness; Type: INDEX; Schema: public; Owner: student
--

CREATE UNIQUE INDEX index_active_storage_attachments_uniqueness ON public.active_storage_attachments USING btree (record_type, record_id, name, blob_id);


--
-- Name: index_active_storage_blobs_on_key; Type: INDEX; Schema: public; Owner: student
--

CREATE UNIQUE INDEX index_active_storage_blobs_on_key ON public.active_storage_blobs USING btree (key);


--
-- Name: index_active_storage_variant_records_uniqueness; Type: INDEX; Schema: public; Owner: student
--

CREATE UNIQUE INDEX index_active_storage_variant_records_uniqueness ON public.active_storage_variant_records USING btree (blob_id, variation_digest);


--
-- Name: index_career_compensations_on_career_job_id; Type: INDEX; Schema: public; Owner: student
--

CREATE INDEX index_career_compensations_on_career_job_id ON public.career_compensations USING btree (career_job_id);


--
-- Name: index_career_jobs_on_user_id; Type: INDEX; Schema: public; Owner: student
--

CREATE INDEX index_career_jobs_on_user_id ON public.career_jobs USING btree (user_id);


--
-- Name: index_comments_on_commentable; Type: INDEX; Schema: public; Owner: student
--

CREATE INDEX index_comments_on_commentable ON public.comments USING btree (commentable_type, commentable_id);


--
-- Name: index_comments_on_tier_list_id; Type: INDEX; Schema: public; Owner: student
--

CREATE INDEX index_comments_on_tier_list_id ON public.comments USING btree (tier_list_id);


--
-- Name: index_comments_on_user_id; Type: INDEX; Schema: public; Owner: student
--

CREATE INDEX index_comments_on_user_id ON public.comments USING btree (user_id);


--
-- Name: index_companies_on_position_type_id; Type: INDEX; Schema: public; Owner: student
--

CREATE INDEX index_companies_on_position_type_id ON public.companies USING btree (position_type_id);


--
-- Name: index_employee_views_employees_on_employee_id; Type: INDEX; Schema: public; Owner: student
--

CREATE INDEX index_employee_views_employees_on_employee_id ON public.employee_views_employees USING btree (employee_id);


--
-- Name: index_employee_views_employees_on_employee_view_id; Type: INDEX; Schema: public; Owner: student
--

CREATE INDEX index_employee_views_employees_on_employee_view_id ON public.employee_views_employees USING btree (employee_view_id);


--
-- Name: index_employees_on_company_id; Type: INDEX; Schema: public; Owner: student
--

CREATE INDEX index_employees_on_company_id ON public.employees USING btree (company_id);


--
-- Name: index_employees_on_flagged; Type: INDEX; Schema: public; Owner: student
--

CREATE INDEX index_employees_on_flagged ON public.employees USING btree (flagged);


--
-- Name: index_employees_on_graduate_school_id; Type: INDEX; Schema: public; Owner: student
--

CREATE INDEX index_employees_on_graduate_school_id ON public.employees USING btree (graduate_school_id);


--
-- Name: index_employees_on_group_id; Type: INDEX; Schema: public; Owner: student
--

CREATE INDEX index_employees_on_group_id ON public.employees USING btree (group_id);


--
-- Name: index_employees_on_job_level_id; Type: INDEX; Schema: public; Owner: student
--

CREATE INDEX index_employees_on_job_level_id ON public.employees USING btree (job_level_id);


--
-- Name: index_employees_on_linkedin_url; Type: INDEX; Schema: public; Owner: student
--

CREATE INDEX index_employees_on_linkedin_url ON public.employees USING btree (linkedin_url);


--
-- Name: index_employees_on_location_id; Type: INDEX; Schema: public; Owner: student
--

CREATE INDEX index_employees_on_location_id ON public.employees USING btree (location_id);


--
-- Name: index_employees_on_name; Type: INDEX; Schema: public; Owner: student
--

CREATE INDEX index_employees_on_name ON public.employees USING btree (name);


--
-- Name: index_employees_on_previous_company_id; Type: INDEX; Schema: public; Owner: student
--

CREATE INDEX index_employees_on_previous_company_id ON public.employees USING btree (previous_company_id);


--
-- Name: index_employees_on_undergraduate_school_id; Type: INDEX; Schema: public; Owner: student
--

CREATE INDEX index_employees_on_undergraduate_school_id ON public.employees USING btree (undergraduate_school_id);


--
-- Name: index_flags_on_flaggable; Type: INDEX; Schema: public; Owner: student
--

CREATE INDEX index_flags_on_flaggable ON public.flags USING btree (flaggable_type, flaggable_id);


--
-- Name: index_flags_on_user_id; Type: INDEX; Schema: public; Owner: student
--

CREATE INDEX index_flags_on_user_id ON public.flags USING btree (user_id);


--
-- Name: index_form_templates_on_position_type_id; Type: INDEX; Schema: public; Owner: student
--

CREATE INDEX index_form_templates_on_position_type_id ON public.form_templates USING btree (position_type_id);


--
-- Name: index_forum_comments_on_parent_id; Type: INDEX; Schema: public; Owner: student
--

CREATE INDEX index_forum_comments_on_parent_id ON public.forum_comments USING btree (parent_id);


--
-- Name: index_forum_comments_on_post_id; Type: INDEX; Schema: public; Owner: student
--

CREATE INDEX index_forum_comments_on_post_id ON public.forum_comments USING btree (post_id);


--
-- Name: index_forum_comments_on_user_id; Type: INDEX; Schema: public; Owner: student
--

CREATE INDEX index_forum_comments_on_user_id ON public.forum_comments USING btree (user_id);


--
-- Name: index_groups_on_company_id; Type: INDEX; Schema: public; Owner: student
--

CREATE INDEX index_groups_on_company_id ON public.groups USING btree (company_id);


--
-- Name: index_groups_on_location_id; Type: INDEX; Schema: public; Owner: student
--

CREATE INDEX index_groups_on_location_id ON public.groups USING btree (location_id);


--
-- Name: index_groups_on_position_type_id; Type: INDEX; Schema: public; Owner: student
--

CREATE INDEX index_groups_on_position_type_id ON public.groups USING btree (position_type_id);


--
-- Name: index_interview_coaches_on_user_id; Type: INDEX; Schema: public; Owner: student
--

CREATE INDEX index_interview_coaches_on_user_id ON public.interview_coaches USING btree (user_id);


--
-- Name: index_item_ranks_on_item_id; Type: INDEX; Schema: public; Owner: student
--

CREATE INDEX index_item_ranks_on_item_id ON public.item_ranks USING btree (item_id);


--
-- Name: index_item_ranks_on_tier_list_id; Type: INDEX; Schema: public; Owner: student
--

CREATE INDEX index_item_ranks_on_tier_list_id ON public.item_ranks USING btree (tier_list_id);


--
-- Name: index_item_ranks_on_user_id; Type: INDEX; Schema: public; Owner: student
--

CREATE INDEX index_item_ranks_on_user_id ON public.item_ranks USING btree (user_id);


--
-- Name: index_job_levels_on_company_id; Type: INDEX; Schema: public; Owner: student
--

CREATE INDEX index_job_levels_on_company_id ON public.job_levels USING btree (company_id);


--
-- Name: index_job_levels_on_name_and_company_and_type; Type: INDEX; Schema: public; Owner: student
--

CREATE UNIQUE INDEX index_job_levels_on_name_and_company_and_type ON public.job_levels USING btree (name, company_id, position_type_id);


--
-- Name: index_job_levels_on_position_type_id; Type: INDEX; Schema: public; Owner: student
--

CREATE INDEX index_job_levels_on_position_type_id ON public.job_levels USING btree (position_type_id);


--
-- Name: index_mock_interview_profiles_on_user_id; Type: INDEX; Schema: public; Owner: student
--

CREATE INDEX index_mock_interview_profiles_on_user_id ON public.mock_interview_profiles USING btree (user_id);


--
-- Name: index_mock_interviews_on_accepted_by_id; Type: INDEX; Schema: public; Owner: student
--

CREATE INDEX index_mock_interviews_on_accepted_by_id ON public.mock_interviews USING btree (accepted_by_id);


--
-- Name: index_mock_interviews_on_created_by_id; Type: INDEX; Schema: public; Owner: student
--

CREATE INDEX index_mock_interviews_on_created_by_id ON public.mock_interviews USING btree (created_by_id);


--
-- Name: index_page_associations_on_employee_view_id; Type: INDEX; Schema: public; Owner: student
--

CREATE INDEX index_page_associations_on_employee_view_id ON public.page_associations USING btree (employee_view_id);


--
-- Name: index_page_associations_on_page_id; Type: INDEX; Schema: public; Owner: student
--

CREATE INDEX index_page_associations_on_page_id ON public.page_associations USING btree (page_id);


--
-- Name: index_page_associations_on_page_id_and_employee_view_id; Type: INDEX; Schema: public; Owner: student
--

CREATE UNIQUE INDEX index_page_associations_on_page_id_and_employee_view_id ON public.page_associations USING btree (page_id, employee_view_id) WHERE (employee_view_id IS NOT NULL);


--
-- Name: index_page_associations_on_page_id_and_tier_list_id; Type: INDEX; Schema: public; Owner: student
--

CREATE UNIQUE INDEX index_page_associations_on_page_id_and_tier_list_id ON public.page_associations USING btree (page_id, tier_list_id);


--
-- Name: index_page_associations_on_tier_list_id; Type: INDEX; Schema: public; Owner: student
--

CREATE INDEX index_page_associations_on_tier_list_id ON public.page_associations USING btree (tier_list_id);


--
-- Name: index_pages_on_created_by; Type: INDEX; Schema: public; Owner: student
--

CREATE INDEX index_pages_on_created_by ON public.pages USING btree (created_by);


--
-- Name: index_pages_on_parent_id; Type: INDEX; Schema: public; Owner: student
--

CREATE INDEX index_pages_on_parent_id ON public.pages USING btree (parent_id);


--
-- Name: index_pages_on_slug; Type: INDEX; Schema: public; Owner: student
--

CREATE UNIQUE INDEX index_pages_on_slug ON public.pages USING btree (slug);


--
-- Name: index_posts_on_forum_room_id; Type: INDEX; Schema: public; Owner: student
--

CREATE INDEX index_posts_on_forum_room_id ON public.posts USING btree (forum_room_id);


--
-- Name: index_posts_on_user_id; Type: INDEX; Schema: public; Owner: student
--

CREATE INDEX index_posts_on_user_id ON public.posts USING btree (user_id);


--
-- Name: index_question_packet_memberships_on_question_id; Type: INDEX; Schema: public; Owner: student
--

CREATE INDEX index_question_packet_memberships_on_question_id ON public.question_packet_memberships USING btree (question_id);


--
-- Name: index_question_packet_memberships_on_question_packet_id; Type: INDEX; Schema: public; Owner: student
--

CREATE INDEX index_question_packet_memberships_on_question_packet_id ON public.question_packet_memberships USING btree (question_packet_id);


--
-- Name: index_question_packets_on_name; Type: INDEX; Schema: public; Owner: student
--

CREATE UNIQUE INDEX index_question_packets_on_name ON public.question_packets USING btree (name);


--
-- Name: index_questions_on_position_type_id; Type: INDEX; Schema: public; Owner: student
--

CREATE INDEX index_questions_on_position_type_id ON public.questions USING btree (position_type_id);


--
-- Name: index_questions_users_on_question_id; Type: INDEX; Schema: public; Owner: student
--

CREATE INDEX index_questions_users_on_question_id ON public.questions_users USING btree (question_id);


--
-- Name: index_questions_users_on_question_id_and_user_id; Type: INDEX; Schema: public; Owner: student
--

CREATE UNIQUE INDEX index_questions_users_on_question_id_and_user_id ON public.questions_users USING btree (question_id, user_id);


--
-- Name: index_questions_users_on_user_id; Type: INDEX; Schema: public; Owner: student
--

CREATE INDEX index_questions_users_on_user_id ON public.questions_users USING btree (user_id);


--
-- Name: index_ratings_on_employee_id; Type: INDEX; Schema: public; Owner: student
--

CREATE INDEX index_ratings_on_employee_id ON public.ratings USING btree (employee_id);


--
-- Name: index_ratings_on_user_id; Type: INDEX; Schema: public; Owner: student
--

CREATE INDEX index_ratings_on_user_id ON public.ratings USING btree (user_id);


--
-- Name: index_tier_list_templates_on_created_by_id; Type: INDEX; Schema: public; Owner: student
--

CREATE INDEX index_tier_list_templates_on_created_by_id ON public.tier_list_templates USING btree (created_by_id);


--
-- Name: index_tier_lists_on_tier_list_template_id; Type: INDEX; Schema: public; Owner: student
--

CREATE INDEX index_tier_lists_on_tier_list_template_id ON public.tier_lists USING btree (tier_list_template_id);


--
-- Name: index_users_on_email; Type: INDEX; Schema: public; Owner: student
--

CREATE UNIQUE INDEX index_users_on_email ON public.users USING btree (email);


--
-- Name: index_users_on_reset_password_token; Type: INDEX; Schema: public; Owner: student
--

CREATE UNIQUE INDEX index_users_on_reset_password_token ON public.users USING btree (reset_password_token);


--
-- Name: index_users_on_user_name; Type: INDEX; Schema: public; Owner: student
--

CREATE UNIQUE INDEX index_users_on_user_name ON public.users USING btree (user_name);


--
-- Name: unique_employee_view_per_page; Type: INDEX; Schema: public; Owner: student
--

CREATE UNIQUE INDEX unique_employee_view_per_page ON public.page_associations USING btree (page_id) WHERE (employee_view_id IS NOT NULL);


--
-- Name: unique_item_rank_per_user; Type: INDEX; Schema: public; Owner: student
--

CREATE UNIQUE INDEX unique_item_rank_per_user ON public.item_ranks USING btree (item_id, tier_list_id, user_id);


--
-- Name: mock_interview_profiles fk_rails_02bb583da3; Type: FK CONSTRAINT; Schema: public; Owner: student
--

ALTER TABLE ONLY public.mock_interview_profiles
    ADD CONSTRAINT fk_rails_02bb583da3 FOREIGN KEY (user_id) REFERENCES public.users(id);


--
-- Name: comments fk_rails_03de2dc08c; Type: FK CONSTRAINT; Schema: public; Owner: student
--

ALTER TABLE ONLY public.comments
    ADD CONSTRAINT fk_rails_03de2dc08c FOREIGN KEY (user_id) REFERENCES public.users(id);


--
-- Name: item_ranks fk_rails_09ec12924f; Type: FK CONSTRAINT; Schema: public; Owner: student
--

ALTER TABLE ONLY public.item_ranks
    ADD CONSTRAINT fk_rails_09ec12924f FOREIGN KEY (user_id) REFERENCES public.users(id) ON DELETE CASCADE;


--
-- Name: page_associations fk_rails_133caf873f; Type: FK CONSTRAINT; Schema: public; Owner: student
--

ALTER TABLE ONLY public.page_associations
    ADD CONSTRAINT fk_rails_133caf873f FOREIGN KEY (tier_list_id) REFERENCES public.tier_lists(id);


--
-- Name: employees fk_rails_15ca1438d5; Type: FK CONSTRAINT; Schema: public; Owner: student
--

ALTER TABLE ONLY public.employees
    ADD CONSTRAINT fk_rails_15ca1438d5 FOREIGN KEY (company_id) REFERENCES public.companies(id);


--
-- Name: page_associations fk_rails_1de35c3fab; Type: FK CONSTRAINT; Schema: public; Owner: student
--

ALTER TABLE ONLY public.page_associations
    ADD CONSTRAINT fk_rails_1de35c3fab FOREIGN KEY (page_id) REFERENCES public.pages(id);


--
-- Name: question_packet_memberships fk_rails_3105da02db; Type: FK CONSTRAINT; Schema: public; Owner: student
--

ALTER TABLE ONLY public.question_packet_memberships
    ADD CONSTRAINT fk_rails_3105da02db FOREIGN KEY (question_id) REFERENCES public.questions(id) ON DELETE CASCADE;


--
-- Name: job_levels fk_rails_3fdcb0e728; Type: FK CONSTRAINT; Schema: public; Owner: student
--

ALTER TABLE ONLY public.job_levels
    ADD CONSTRAINT fk_rails_3fdcb0e728 FOREIGN KEY (position_type_id) REFERENCES public.position_types(id);


--
-- Name: item_ranks fk_rails_484f99e59f; Type: FK CONSTRAINT; Schema: public; Owner: student
--

ALTER TABLE ONLY public.item_ranks
    ADD CONSTRAINT fk_rails_484f99e59f FOREIGN KEY (tier_list_id) REFERENCES public.tier_lists(id);


--
-- Name: questions_users fk_rails_4a314af399; Type: FK CONSTRAINT; Schema: public; Owner: student
--

ALTER TABLE ONLY public.questions_users
    ADD CONSTRAINT fk_rails_4a314af399 FOREIGN KEY (question_id) REFERENCES public.questions(id) ON DELETE CASCADE;


--
-- Name: career_compensations fk_rails_55d945a5fa; Type: FK CONSTRAINT; Schema: public; Owner: student
--

ALTER TABLE ONLY public.career_compensations
    ADD CONSTRAINT fk_rails_55d945a5fa FOREIGN KEY (career_job_id) REFERENCES public.career_jobs(id) ON DELETE CASCADE;


--
-- Name: page_associations fk_rails_5abf2a1573; Type: FK CONSTRAINT; Schema: public; Owner: student
--

ALTER TABLE ONLY public.page_associations
    ADD CONSTRAINT fk_rails_5abf2a1573 FOREIGN KEY (employee_view_id) REFERENCES public.employee_views(id);


--
-- Name: posts fk_rails_5b5ddfd518; Type: FK CONSTRAINT; Schema: public; Owner: student
--

ALTER TABLE ONLY public.posts
    ADD CONSTRAINT fk_rails_5b5ddfd518 FOREIGN KEY (user_id) REFERENCES public.users(id);


--
-- Name: item_ranks fk_rails_5be82fdc1e; Type: FK CONSTRAINT; Schema: public; Owner: student
--

ALTER TABLE ONLY public.item_ranks
    ADD CONSTRAINT fk_rails_5be82fdc1e FOREIGN KEY (item_id) REFERENCES public.items(id);


--
-- Name: comments fk_rails_6087eb4b64; Type: FK CONSTRAINT; Schema: public; Owner: student
--

ALTER TABLE ONLY public.comments
    ADD CONSTRAINT fk_rails_6087eb4b64 FOREIGN KEY (tier_list_id) REFERENCES public.tier_lists(id);


--
-- Name: groups fk_rails_62e6ddec83; Type: FK CONSTRAINT; Schema: public; Owner: student
--

ALTER TABLE ONLY public.groups
    ADD CONSTRAINT fk_rails_62e6ddec83 FOREIGN KEY (position_type_id) REFERENCES public.position_types(id);


--
-- Name: employees fk_rails_63f6ce9581; Type: FK CONSTRAINT; Schema: public; Owner: student
--

ALTER TABLE ONLY public.employees
    ADD CONSTRAINT fk_rails_63f6ce9581 FOREIGN KEY (previous_company_id) REFERENCES public.companies(id);


--
-- Name: employee_views_employees fk_rails_67cab04521; Type: FK CONSTRAINT; Schema: public; Owner: student
--

ALTER TABLE ONLY public.employee_views_employees
    ADD CONSTRAINT fk_rails_67cab04521 FOREIGN KEY (employee_view_id) REFERENCES public.employee_views(id);


--
-- Name: question_packet_memberships fk_rails_6814203250; Type: FK CONSTRAINT; Schema: public; Owner: student
--

ALTER TABLE ONLY public.question_packet_memberships
    ADD CONSTRAINT fk_rails_6814203250 FOREIGN KEY (question_packet_id) REFERENCES public.question_packets(id) ON DELETE CASCADE;


--
-- Name: questions_users fk_rails_70eb0c164c; Type: FK CONSTRAINT; Schema: public; Owner: student
--

ALTER TABLE ONLY public.questions_users
    ADD CONSTRAINT fk_rails_70eb0c164c FOREIGN KEY (user_id) REFERENCES public.users(id);


--
-- Name: questions fk_rails_7c726326aa; Type: FK CONSTRAINT; Schema: public; Owner: student
--

ALTER TABLE ONLY public.questions
    ADD CONSTRAINT fk_rails_7c726326aa FOREIGN KEY (position_type_id) REFERENCES public.position_types(id);


--
-- Name: companies fk_rails_7c881646c8; Type: FK CONSTRAINT; Schema: public; Owner: student
--

ALTER TABLE ONLY public.companies
    ADD CONSTRAINT fk_rails_7c881646c8 FOREIGN KEY (position_type_id) REFERENCES public.position_types(id);


--
-- Name: groups fk_rails_7d1e321398; Type: FK CONSTRAINT; Schema: public; Owner: student
--

ALTER TABLE ONLY public.groups
    ADD CONSTRAINT fk_rails_7d1e321398 FOREIGN KEY (company_id) REFERENCES public.companies(id);


--
-- Name: interview_coaches fk_rails_824a68b624; Type: FK CONSTRAINT; Schema: public; Owner: student
--

ALTER TABLE ONLY public.interview_coaches
    ADD CONSTRAINT fk_rails_824a68b624 FOREIGN KEY (user_id) REFERENCES public.users(id);


--
-- Name: employees fk_rails_8d63bd3a3b; Type: FK CONSTRAINT; Schema: public; Owner: student
--

ALTER TABLE ONLY public.employees
    ADD CONSTRAINT fk_rails_8d63bd3a3b FOREIGN KEY (graduate_school_id) REFERENCES public.schools(id);


--
-- Name: employees fk_rails_975432394f; Type: FK CONSTRAINT; Schema: public; Owner: student
--

ALTER TABLE ONLY public.employees
    ADD CONSTRAINT fk_rails_975432394f FOREIGN KEY (group_id) REFERENCES public.groups(id);


--
-- Name: active_storage_variant_records fk_rails_993965df05; Type: FK CONSTRAINT; Schema: public; Owner: student
--

ALTER TABLE ONLY public.active_storage_variant_records
    ADD CONSTRAINT fk_rails_993965df05 FOREIGN KEY (blob_id) REFERENCES public.active_storage_blobs(id);


--
-- Name: employees fk_rails_9aae45b25f; Type: FK CONSTRAINT; Schema: public; Owner: student
--

ALTER TABLE ONLY public.employees
    ADD CONSTRAINT fk_rails_9aae45b25f FOREIGN KEY (undergraduate_school_id) REFERENCES public.schools(id);


--
-- Name: employees fk_rails_a5315c1d86; Type: FK CONSTRAINT; Schema: public; Owner: student
--

ALTER TABLE ONLY public.employees
    ADD CONSTRAINT fk_rails_a5315c1d86 FOREIGN KEY (job_level_id) REFERENCES public.job_levels(id);


--
-- Name: forum_comments fk_rails_a7a0199ea1; Type: FK CONSTRAINT; Schema: public; Owner: student
--

ALTER TABLE ONLY public.forum_comments
    ADD CONSTRAINT fk_rails_a7a0199ea1 FOREIGN KEY (post_id) REFERENCES public.posts(id);


--
-- Name: tier_lists fk_rails_a7a4730293; Type: FK CONSTRAINT; Schema: public; Owner: student
--

ALTER TABLE ONLY public.tier_lists
    ADD CONSTRAINT fk_rails_a7a4730293 FOREIGN KEY (tier_list_template_id) REFERENCES public.tier_list_templates(id);


--
-- Name: ratings fk_rails_a7dfeb9f5f; Type: FK CONSTRAINT; Schema: public; Owner: student
--

ALTER TABLE ONLY public.ratings
    ADD CONSTRAINT fk_rails_a7dfeb9f5f FOREIGN KEY (user_id) REFERENCES public.users(id);


--
-- Name: career_jobs fk_rails_b04fc243d4; Type: FK CONSTRAINT; Schema: public; Owner: student
--

ALTER TABLE ONLY public.career_jobs
    ADD CONSTRAINT fk_rails_b04fc243d4 FOREIGN KEY (user_id) REFERENCES public.users(id);


--
-- Name: job_levels fk_rails_b55f743482; Type: FK CONSTRAINT; Schema: public; Owner: student
--

ALTER TABLE ONLY public.job_levels
    ADD CONSTRAINT fk_rails_b55f743482 FOREIGN KEY (company_id) REFERENCES public.companies(id);


--
-- Name: mock_interviews fk_rails_b77a59066b; Type: FK CONSTRAINT; Schema: public; Owner: student
--

ALTER TABLE ONLY public.mock_interviews
    ADD CONSTRAINT fk_rails_b77a59066b FOREIGN KEY (accepted_by_id) REFERENCES public.users(id);


--
-- Name: ratings fk_rails_b7dcfcb9fe; Type: FK CONSTRAINT; Schema: public; Owner: student
--

ALTER TABLE ONLY public.ratings
    ADD CONSTRAINT fk_rails_b7dcfcb9fe FOREIGN KEY (employee_id) REFERENCES public.employees(id);


--
-- Name: employees fk_rails_bcc817cea2; Type: FK CONSTRAINT; Schema: public; Owner: student
--

ALTER TABLE ONLY public.employees
    ADD CONSTRAINT fk_rails_bcc817cea2 FOREIGN KEY (location_id) REFERENCES public.locations(id);


--
-- Name: form_templates fk_rails_bd84353002; Type: FK CONSTRAINT; Schema: public; Owner: student
--

ALTER TABLE ONLY public.form_templates
    ADD CONSTRAINT fk_rails_bd84353002 FOREIGN KEY (position_type_id) REFERENCES public.position_types(id);


--
-- Name: active_storage_attachments fk_rails_c3b3935057; Type: FK CONSTRAINT; Schema: public; Owner: student
--

ALTER TABLE ONLY public.active_storage_attachments
    ADD CONSTRAINT fk_rails_c3b3935057 FOREIGN KEY (blob_id) REFERENCES public.active_storage_blobs(id);


--
-- Name: employee_views_employees fk_rails_c5c0eb6aba; Type: FK CONSTRAINT; Schema: public; Owner: student
--

ALTER TABLE ONLY public.employee_views_employees
    ADD CONSTRAINT fk_rails_c5c0eb6aba FOREIGN KEY (employee_id) REFERENCES public.employees(id) ON DELETE CASCADE;


--
-- Name: posts fk_rails_c73eb16fa7; Type: FK CONSTRAINT; Schema: public; Owner: student
--

ALTER TABLE ONLY public.posts
    ADD CONSTRAINT fk_rails_c73eb16fa7 FOREIGN KEY (forum_room_id) REFERENCES public.forum_rooms(id);


--
-- Name: groups fk_rails_c9ba0cf64b; Type: FK CONSTRAINT; Schema: public; Owner: student
--

ALTER TABLE ONLY public.groups
    ADD CONSTRAINT fk_rails_c9ba0cf64b FOREIGN KEY (location_id) REFERENCES public.locations(id);


--
-- Name: forum_comments fk_rails_ce6ed0c47a; Type: FK CONSTRAINT; Schema: public; Owner: student
--

ALTER TABLE ONLY public.forum_comments
    ADD CONSTRAINT fk_rails_ce6ed0c47a FOREIGN KEY (user_id) REFERENCES public.users(id);


--
-- Name: flags fk_rails_d7842de637; Type: FK CONSTRAINT; Schema: public; Owner: student
--

ALTER TABLE ONLY public.flags
    ADD CONSTRAINT fk_rails_d7842de637 FOREIGN KEY (user_id) REFERENCES public.users(id);


--
-- Name: mock_interviews fk_rails_f835e197e4; Type: FK CONSTRAINT; Schema: public; Owner: student
--

ALTER TABLE ONLY public.mock_interviews
    ADD CONSTRAINT fk_rails_f835e197e4 FOREIGN KEY (created_by_id) REFERENCES public.users(id);


--
-- PostgreSQL database dump complete
--

